,pdb,cc_cov,chains,cc_sequence,full_sequence,full_seq_corr,cc_seq_corr,parallel,oligo_state,y_pred_parallel,y_pred_chains,prob_dimer,prob_trimer,prob_tetramer,prob_parallel,prob_antiparallel
0,3e7k,0.8518518518518519,4,TFERVEQMSIQIKEVGDRVNYIKRSLQSLDSQIGHLQDLSALTVDT,SRVTFERVEQMSIQIKEVGDRVNYIKRSLQSLDSQIGHLQDLSALTVDTLKT,True,False,False,2,1,1,0.0017085088632932941,0.8969259125664593,0.1013655785702476,0.9818963293373921,0.018103670662608005
1,1use,0.55,4,YSDLQRVKQELLEEVKKELQKV,SSDYSDLQRVKQELLEEVKKELQKVKEEIIEAFVQELRKR,False,False,True,2,0,0,0.5521226188348373,0.2190510406768083,0.22882634048835446,0.01248393639515687,0.9875160636048431
2,6us8,0.8260869565217391,4,LVVAASIIGILHLILWILD,DPLVVAASIIGILHLILWILDRL,True,False,True,2,1,2,0.0008832623762808974,0.027193390670511373,0.9719233469532076,0.9997557182402126,0.0002442817597873459
3,5kht,0.8936170212765957,2,DAIKKKMQMLKLDKENALDRAEQAEADNYHLENEVARLKKL,GMDAIKKKMQMLKLDKENALDRAEQAEADNYHLENEVARLKKLVGER,False,True,True,0,1,0,0.9871649811778124,0.007933469233764322,0.004901549588423306,0.7874400623787916,0.2125599376212084
4,5c9n,0.671875,2,CSWEEAQLSSQLYRNKQLQDTLVQKEEELARLHEENNHLRQYL,LPDLCSWEEAQLSSQLYRNKQLQDTLVQKEEELARLHEENNHLRQYLNSALVKCEEEKAKK,True,False,True,0,1,0,0.9602453492120956,0.0008170550467486491,0.038937595741155726,0.9690981053385274,0.030901894661472706
5,1c94,0.6756756756756757,2,LKKLRAVENELHYNKSLLEEVKDE,GGREGVLKKLRAVENELHYNKSLLEEVKDELQKMRQL,False,True,True,0,1,1,0.008738685201096847,0.7743063811947446,0.21695493360415866,0.8011503540636694,0.19884964593633053
6,3a2a,0.8780487804878049,2,LLRLKQMNVQLAAKIQHLEFSCSEKEQEIERLNKLL,RQLLRLKQMNVQLAAKIQHLEFSCSEKEQEIERLNKLLRQH,False,False,True,0,1,0,0.6379213222084996,0.004105012705185634,0.3579736650863148,0.7230228748138579,0.2769771251861422
7,7bji,0.8292682926829268,2,YKTENARLVKENNEMHLGLLKLREEKDRISRELKAYIRKLDHETSDLKFLNNQYVQKVRSLEKDSNGK,NVDAILEPYKTENARLVKENNEMHLGLLKLREEKDRISRELKAYIRKLDHETSDLKFLNNQYVQKVRSLEKDSNGKTERI,True,False,True,0,1,0,0.99962212226952,0.00016418470658142203,0.00021369302389852825,0.9996630657184458,0.0003369342815542797
8,3bj4,0.8918918918918919,4,IGARLNRVEDKVTQLDQRLALITDMLHQLLSLH,SNTIGARLNRVEDKVTQLDQRLALITDMLHQLLSLHG,True,False,True,2,1,1,0.00044106693179122095,0.9464963918497717,0.05306254121843702,0.9970071247591605,0.0029928752408395322
9,4w80,0.59375,4,EDQEKLKTELRKTSDALSKAQNDVMEMKMQSERLSK,ECVLEAENKKLVEDQEKLKTELRKTSDALSKAQNDVMEMKMQSERLSKEYDQLLKEHS,True,True,False,2,0,2,0.22563892474516858,0.028779765489924725,0.7455813097649067,0.333016510432803,0.666983489567197
10,3w8v,0.90625,3,VARLEKKVSALEKKVAGLEKEVARLKKLV,RVARLEKKVSALEKKVAGLEKEVARLKKLVGE,False,False,True,1,1,1,0.001354527859485489,0.9986170000186124,2.847212190207592e-05,0.9842415798170139,0.015758420182986142
11,5k9l,0.9101123595505618,2,LRAELRDLELEEARLVQELEDVDRNLARAAADLQAAQAEAAELDQQERQHYRDYSALKRQQLELLDQLGNVENQLQYARVQ,EAAALRAELRDLELEEARLVQELEDVDRNLARAAADLQAAQAEAAELDQQERQHYRDYSALKRQQLELLDQLGNVENQLQYARVQRDRL,True,False,False,0,0,0,0.9977023127541618,0.0005830143052546652,0.001714672940583533,0.015288219090342378,0.9847117809096575
12,5k92,0.8620689655172414,3,WEALEKKLAALESKCQALEKKLEAL,EWEALEKKLAALESKCQALEKKLEALEHG,False,False,True,1,1,1,0.00413325974646047,0.9935106822533959,0.002356058000143686,0.9556820678337863,0.04431793216621378
13,6osd,0.7575757575757575,3,VEALEKKVEALEFKVQKLEKKVEAL,EVEALEKKVEALEFKVQKLEKKVEALEHGWDGR,False,False,True,1,1,1,0.0009759657476061636,0.9982161096085396,0.0008079246438541899,0.9910538299521651,0.008946170047834889
14,1jcd,0.84,3,DQASSDAQTANAKADQASNDANAARSDAQAAKDDAARANQR,NAKADQASSDAQTANAKADQASNDANAARSDAQAAKDDAARANQRADNAA,True,True,True,1,1,1,0.05032767468971737,0.8966322744155659,0.053040050894716737,0.9138751935921986,0.08612480640780137
15,1jcc,0.7200000000000001,3,AQTANAKADQASNDANAARSDAQAAKDDAARANQR,SSNAKIDQLSSDAQTANAKADQASNDANAARSDAQAAKDDAARANQRLDNM,True,True,True,1,1,1,0.005407083468948199,0.9919548361452308,0.002638080385820872,0.9991631829229067,0.0008368170770932881
16,1zik,0.8333333333333334,2,MKQLEDKVEELLSKKYHLENEVARL,RMKQLEDKVEELLSKKYHLENEVARLKKLV,False,False,True,0,1,0,0.7152704213400053,0.253258231744564,0.03147134691543063,0.9956568735716708,0.004343126428329324
17,1zil,0.8333333333333334,2,MKQLEDKVEELLSKQYHLENEVARL,RMKQLEDKVEELLSKQYHLENEVARLKKLV,False,False,True,0,1,0,0.6889113574963257,0.30718061563318866,0.003908026870485563,0.9757546137526919,0.024245386247308032
18,1zim,0.6875,3,LEDKVEELLSKQYHLENEVARL,RMKQLEDKVEELLSKQYHLENEVARLKKLVGE,False,False,True,1,1,1,0.2866539770322752,0.6735926840294655,0.039753338938259275,0.9427067210369972,0.05729327896300289
19,4zxq,0.6785714285714285,3,VGAIAGKANEAGQGAYDAQVKNDEQDVELADHEARIKQLRIDVDDHESRITANTKAITALNVRVTTAEGEIASLQTNVSALDGRVTTAENNISAL,MADPSLNNPVVIQATRLDASILPRNVFSKSYLLYVIAQGTDVGAIAGKANEAGQGAYDAQVKNDEQDVELADHEARIKQLRIDVDDHESRITANTKAITALNVRVTTAEGEIASLQTNVSALDGRVTTAENNISALQADY,False,False,True,1,1,1,0.037135638204789254,0.9628559830321965,8.378763014189608e-06,0.9920978010474382,0.0079021989525619
20,6u47,0.7575757575757575,3,VEALEKKVEALEAKVQKLEKKVEAL,EVEALEKKVEALEAKVQKLEKKVEALEHGWDGR,False,False,True,1,1,1,7.489326644671083e-05,0.9978599765474729,0.002065130186080377,0.9748511928453345,0.025148807154665564
21,1kfn,0.8867924528301887,3,SNAKIDQLSSDVQTLNAKVDQASNDANAARSDAQAAKDDAARANQRL,SSNAKIDQLSSDVQTLNAKVDQASNDANAARSDAQAAKDDAARANQRLDNMAT,False,False,True,1,1,1,4.8362391029367085e-05,0.9941029951632258,0.005848642445744957,0.9998665519968888,0.00013344800311112514
22,1kfm,0.86,3,IDQLSSDVQTLNAKVDQLSNDVNAARSDAQAAKDDAARANQRL,SNAKIDQLSSDVQTLNAKVDQLSNDVNAARSDAQAAKDDAARANQRLDNM,False,False,True,1,1,1,9.688813247235948e-05,0.992879259701899,0.007023852165628616,0.9957577823277199,0.00424221767228008
23,6snz,0.8625,2,IKAAYEAELGDARKTLDSVAKERARLQLELSKVREEFKELKARNTKKEGDLIAAQARLKDLEALLNSKEAALSTALSEKRTLEGELHDLRGQVAKLEAALGEAKKQLQDEMLRRVDAENRLQTMKEELDFQKNIYSEE,GSESEEVVSREVSGIKAAYEAELGDARKTLDSVAKERARLQLELSKVREEFKELKARNTKKEGDLIAAQARLKDLEALLNSKEAALSTALSEKRTLEGELHDLRGQVAKLEAALGEAKKQLQDEMLRRVDAENRLQTMKEELDFQKNIYSEELRE,True,False,True,0,0,0,0.8916823579940643,0.10781565723679931,0.0005019847691364217,0.2880029915412117,0.7119970084587882
24,2akf,0.8125,3,LEEDVRNLNAIVQKLQERLDRLEETV,VSRLEEDVRNLNAIVQKLQERLDRLEETVQAK,False,False,True,1,0,1,0.1357784677469136,0.4720491845163317,0.3921723477367547,0.4799361888941898,0.5200638111058102
25,2o7h,0.7878787878787877,3,LEDKVEELLSKNYHLENRVARLEKLV,MKQLEDKVEELLSKNYHLENRVARLEKLVG,True,False,True,1,1,1,0.3424761760813524,0.5767447326879078,0.08077909123073981,0.8869676591830901,0.1130323408169098
26,3q8t,0.925531914893617,2,SEQLQRELKELALEEERLIQELEDVEKNRKVVAENLEKVQAEAERLDQEEAQYQREYSEFKRQQLELDDELKSVENQMRYAQMQLDK,GSDSEQLQRELKELALEEERLIQELEDVEKNRKVVAENLEKVQAEAERLDQEEAQYQREYSEFKRQQLELDDELKSVENQMRYAQMQLDKLKK,True,False,False,0,0,0,0.9984829880494086,0.001040294060444196,0.0004767178901472168,0.01231176578307203,0.987688234216928
27,3hro,0.7837837837837838,3,FQVLVRRVDRMEHSIGSIVSKIDAVIVKL,VSYEEFQVLVRRVDRMEHSIGSIVSKIDAVIVKLEIM,False,False,True,1,1,1,8.504123711130746e-06,0.9566424033685934,0.043349092507695586,0.9145110487798315,0.08548895122016857
28,3hrn,0.5714285714285714,3,FQVLVRRVDRMEHSIGSIVSKIDAVIVKLEIMERAK,GVSYEEFQVLVRRVDRMEHSIGSIVSKIDAVIVKLEIMERAKLKRREVLGRLLDGVAEDERLG,False,False,True,1,1,1,0.18261984250120955,0.7406665691574815,0.07671358834130897,0.5778023264325453,0.4221976735674547
29,3gjp,0.7142857142857143,3,MKQLEDKVEELLSKNYHLENEIARI,GSRMKQLEDKVEELLSKNYHLENEIARIKKLVGE,True,False,True,1,1,1,0.25010219342218293,0.7491147670986743,0.0007830394791426701,0.9971634113800029,0.002836588619997182
30,5vr2,0.86,2,LEAAYNNLLRDKSALEEEKRQLEQENEDLARRLESSSEEVTRL,RDLEAAYNNLLRDKSALEEEKRQLEQENEDLARRLESSSEEVTRLRRGQC,False,False,True,0,1,0,0.6963532993680023,0.30314374837384095,0.0005029522581567783,0.9996134750416126,0.0003865249583873798
31,2r2v,0.6666666666666666,4,ADKLEEVASKLYHNANELARVA,KLKQVADKLEEVASKLYHNANELARVAKLLGE,True,False,False,2,1,2,0.012289655864569413,0.22906903207643053,0.7586413120590001,0.8879137372817005,0.11208626271829944
32,6r2f,0.78125,2,KEINLMLSTYAKLLSERAAVDASYIDEIDELFKEANAIENALIQK,EKDLNDVSKEINLMLSTYAKLLSERAAVDASYIDEIDELFKEANAIENALIQKREELRQRFTAI,False,True,False,0,1,2,0.2699944794017297,0.03216044344257858,0.6978450771556917,0.9392708897613435,0.06072911023865644
33,2wpz,0.935483870967742,3,MKQLEDKVEENLSKVYHNENEVARLKKLV,RMKQLEDKVEENLSKVYHNENEVARLKKLVG,True,False,True,1,1,1,0.19278158990028058,0.8071380121589279,8.03979407915203e-05,0.9972164849340557,0.002783515065944342
34,2wpy,0.90625,3,MKQLEDKVEELLSKVYHNENEVARLKKLV,RMKQLEDKVEELLSKVYHNENEVARLKKLVGE,False,False,True,1,1,1,0.0037814255265430016,0.9955032565919062,0.0007153178815507815,0.9963110917134804,0.0036889082865195766
35,2wpq,0.9292929292929294,3,IEDKIEEILSKIYHIENEIARIKKLIFDTNEKVDQNTADITTNTNSINQNTTDIATNTTNINNLSDSMKQIEDKIEEILSKIYHIENEIARI,MKQIEDKIEEILSKIYHIENEIARIKKLIFDTNEKVDQNTADITTNTNSINQNTTDIATNTTNINNLSDSMKQIEDKIEEILSKIYHIENEIARIKKLI,False,False,True,1,1,1,0.001757506560478825,0.9982045752143701,3.791822515099402e-05,0.9998492375229489,0.0001507624770511695
36,1no4,0.5194805194805194,2,LRVNYGSFVSEYNDLTKSHEKLAAEKDDLIVSNSKLFRQI,PLKPEEHEDILNKLLDPELAQSERTEALQQLRVNYGSFVSEYNDLTKSHEKLAAEKDDLIVSNSKLFRQIGLTEK,True,False,True,0,1,0,0.6326224708213719,0.36011403180073753,0.007263497377890558,0.8874273332538574,0.11257266674614257
37,6ytu,0.7058823529411765,2,IANLERWVKREMHVWREVFYRLER,QETIANLERWVKREMHVWREVFYRLERWADRLE,True,False,False,0,1,2,0.07754232533494324,0.19799901504653467,0.7244586596185221,0.9850219862637053,0.014978013736294704
38,1w5l,0.875,4,MKQIEDKLEEILSKGYHICNELARIKKL,RMKQIEDKLEEILSKGYHICNELARIKKLLGE,True,False,True,2,1,2,0.0034152074592241287,0.03034718131065417,0.9662376112301218,0.9749126715688187,0.025087328431181354
39,1w5k,0.7272727272727273,4,IEDRLEEILSKLHHICNELARIRR,RMRQIEDRLEEILSKLHHICNELARIRRLLGER,False,False,False,2,0,2,0.0028923946399430772,0.0024417828135772208,0.9946658225464798,0.014706743575290398,0.9852932564247097
40,1w5i,0.875,4,MKQIEDKLEEILSKLYHIENELARIKKL,RMKQIEDKLEEILSKLYHIENELARIKKLLGE,True,False,True,2,1,2,0.0067184602305144754,0.001256214944261433,0.9920253248252241,0.951685214206283,0.04831478579371702
41,1w5j,0.7272727272727273,4,IEDRLEEILSKLYHICNELARIRR,RMRQIEDRLEEILSKLYHICNELARIRRLLGER,False,False,False,2,0,2,0.006916469905112821,0.0006717218998690423,0.992411808195018,0.009077958863985953,0.990922041136014
42,1w5h,0.7741935483870968,4,IEDKLEEILSKLHHICNELARIKK,MKQIEDKLEEILSKLHHICNELARIKKLLGE,False,False,False,2,1,2,0.003763302522152589,0.0004984382714888214,0.9957382592063586,0.8555362409754924,0.14446375902450764
43,6c52,0.68,4,LEELRRKLQEAEHKAR,SKLEELRRKLQEAEHKARELQEKWG,False,True,False,2,0,1,0.008264421220919596,0.9897456734536725,0.0019899053254078996,0.012984551557938918,0.9870154484420611
44,4j4a,0.5555555555555556,3,IKLRIMEIEARIAKI,LELIKLRIMEIEARIAKIEKDRAIL,True,False,True,1,1,2,0.25482766007731233,0.3422591567368685,0.40291318318581926,0.995996684052581,0.004003315947419028
45,5d3a,0.8414634146341463,2,MEADMNRLLKQREELTKRREKLSKRREKIVKENGEGDKNVANINEEMESLTANIDYINDSISDCQA,GSMTISNMEADMNRLLKQREELTKRREKLSKRREKIVKENGEGDKNVANINEEMESLTANIDYINDSISDCQANIMQMEEAK,False,True,False,0,1,0,0.9633829692682717,0.020866377573178864,0.01575065315854947,0.9298639863620324,0.07013601363796773
46,4pxj,0.8035714285714286,2,LNVVKNDLIAKVDQLSGEQEVLRGELEAAKQAKVKLENRIKELEE,PEFTKNALNVVKNDLIAKVDQLSGEQEVLRGELEAAKQAKVKLENRIKELEEELKR,True,False,False,0,1,0,0.840274994973108,0.11525944928421475,0.04446555574267723,0.9244624661922541,0.07553753380774583
47,5et3,0.8,4,AESALEYAQQALEKAQLALQAARQ,AEAESALEYAQQALEKAQLALQAARQALKA,False,False,False,2,0,2,0.31399558832812946,0.19968000541981498,0.4863244062520556,0.4598294148041003,0.5401705851958998
48,1hqj,0.8000000000000002,3,LERRIRELEARI,DELERRIRELEARIK,False,False,True,1,1,1,0.005138320660505286,0.9096696103501097,0.08519206898938483,0.8692764491271378,0.1307235508728621
49,2wq1,0.90625,3,MKQLEDKIEENTSKIYHNTNEIARNTKLV,RMKQLEDKIEENTSKIYHNTNEIARNTKLVGE,False,False,True,1,1,1,3.2646323959964254e-05,0.9896745267786187,0.01029282689742133,0.9999900580103281,9.941989671902184e-06
50,2wq0,0.8387096774193549,3,LEDKIEENTSKIYHNTNEIARNTKLV,MKQLEDKIEENTSKIYHNTNEIARNTKLVGE,False,False,True,1,1,1,7.443176243842887e-06,0.960601921508309,0.039390635315447134,0.9999855095999729,1.4490400027056261e-05
51,4hlr,0.7096774193548386,3,LQLTVWGLKQIQARILAVERYL,QQHLLQLTVWGLKQIQARILAVERYLKDQQL,False,False,True,1,1,1,0.03761449974984685,0.9594771939415244,0.0029083063086288276,0.995463838858511,0.0045361611414889815
52,1wt6,0.8769230769230769,3,LRELQEALEEEVLTRQSLSREMEAIRTDNQNFASQLREAEARNRDLEAHVRQLQERM,EVTLRELQEALEEEVLTRQSLSREMEAIRTDNQNFASQLREAEARNRDLEAHVRQLQERMELL,True,False,True,1,1,0,0.9979357525080863,0.00017555171199250507,0.0018886957799212913,0.7736997550496254,0.22630024495037454
53,4ypc,0.7228915662650602,3,RDNLAEDIMRLREKLQEEMLQREEAENTLQSFRQDVDNASLARLDLERKVESLQEEIAFL,VDQLTNDKARVEVERDNLAEDIMRLREKLQEEMLQREEAENTLQSFRQDVDNASLARLDLERKVESLQEEIAFLKKLHEEEIQ,False,False,True,1,1,0,0.9957716891556687,4.3741048998805806e-05,0.004184569795332426,0.9815773765945851,0.01842262340541496
54,6mjh,0.56,4,NIIGILHLILWILD,SSDPLVVAANIIGILHLILWILDRL,False,False,True,2,1,2,0.0016019229700127073,0.22436382861191295,0.7740342484180744,0.9988992491065254,0.0011007508934746113
55,4dme,0.8787878787878788,3,MKQLEDKVEELLSKNYHLENEVARLKKLV,RMKQLEDKVEELLSKNYHLENEVARLKKLVGER,False,False,True,1,1,0,0.6307141343476249,0.3679392273685941,0.0013466382837810165,0.9254901846912148,0.07450981530878513
56,6wb3,0.5666666666666667,2,IREKDEELRRMQEMLHK,ETEKLIREKDEELRRMQEMLHKIQKQMKEN,False,False,False,0,1,0,0.9460727852438682,0.033391985477143615,0.02053522927898825,0.8816804172143564,0.11831958278564343
57,6lvn,0.6470588235294118,4,VVNIQKEIDRLNEVAKNLNESL,SGINASVVNIQKEIDRLNEVAKNLNESLIDLQE,True,False,False,2,1,1,1.169118775270288e-05,0.8600552232056085,0.1399330856066389,0.8829842165980045,0.11701578340199548
58,6gap,0.6330275229357798,3,LESRVSALEKTSQIHSDTILRITQGLDDANKRIIALEQSRDDLVASVSDAQLAISRLESSIGALQTVVNGLDSSVTQLGARVGQLETGLAELRVDHDNLVARVDTAERNIGSLTTELSTLTLRVTSIQADFESRISTL,GLESRVSALEKTSQIHSDTILRITQGLDDANKRIIALEQSRDDLVASVSDAQLAISRLESSIGALQTVVNGLDSSVTQLGARVGQLETGLAELRVDHDNLVARVDTAERNIGSLTTELSTLTLRVTSIQADFESRISTLERTAVTSAGAPLSIRNNRMTMGLNDGLTLSGNNLAIRLPGNTGLNIQNGGLQFRFNTDQFQIVNNNLTLKTTVF,True,False,True,1,1,1,0.0003264849212209897,0.9994921511631114,0.000181363915667671,0.9908159847841475,0.009184015215852636
59,6gao,0.6502242152466368,3,IKKQVQVNVDDIRAANIKLDGLGRQIADISNSISTIESRLGEMDNRLVGISSQVTQLSNSVSQNTQSISSLGDRINAVEPRVDSLDTVTSNLTGRTSTLEADVGSLRTELAALTTRVTTEVTRLDGLINSGQNSIGELSTRLSNV,MEEIKKQVQVNVDDIRAANIKLDGLGRQIADISNSISTIESRLGEMDNRLVGISSQVTQLSNSVSQNTQSISSLGDRINAVEPRVDSLDTVTSNLTGRTSTLEADVGSLRTELAALTTRVTTEVTRLDGLINSGQNSIGELSTRLSNVETSMVTTAGRGLQKNGNTLNVIVGNGMWFNSSNQLQLDLSGQSKGVGFVGTGMVVKIDTNYFAYNSNGEITLV,True,False,True,1,1,1,1.5783738927029727e-05,0.9996908323548508,0.0002933839062220719,0.9987743394992072,0.0012256605007927358
60,6gaj,0.9,3,IKKQVQVNVDDIRAANIKLDGLGRQIADISNSISTIESRLGEMDNRLVGISSQVTQLSNSVSQNTQSISSLGDRINAVEPRVDSLDTVTSNLTGRTSTLEADVGSLRTELAALTTRV,EEIKKQVQVNVDDIRAANIKLDGLGRQIADISNSISTIESRLGEMDNRLVGISSQVTQLSNSVSQNTQSISSLGDRINAVEPRVDSLDTVTSNLTGRTSTLEADVGSLRTELAALTTRVTTEVTRLDGLI,True,False,True,1,1,1,4.402472007598934e-06,0.999105419879846,0.0008901776481462325,0.9999984273420935,1.572657906412367e-06
61,1ij2,0.8333333333333334,3,MKQLEDKVEELLSKTYHLENEVARL,RMKQLEDKVEELLSKTYHLENEVARLKKLV,True,False,True,1,1,0,0.5684789102144897,0.4263761225299169,0.005144967255593406,0.9782053927501829,0.02179460724981701
62,1ij0,0.935483870967742,3,MKQLEDKVEESLSKVYHLENEVARLKKLV,RMKQLEDKVEESLSKVYHLENEVARLKKLVG,False,False,True,1,1,1,0.0016934747330880086,0.9972095890189518,0.001096936247960076,0.993378675952634,0.006621324047366062
63,1ij1,0.935483870967742,3,MKQLEDKVEETLSKVYHLENEVARLKKLV,RMKQLEDKVEETLSKVYHLENEVARLKKLVG,False,False,True,1,1,1,0.0008265951366572093,0.9974244725628842,0.001748932300458525,0.9856812800782582,0.014318719921741852
64,1ij3,0.78125,3,MKQLEDKVEELLSKSYHLENEVARL,RMKQLEDKVEELLSKSYHLENEVARLKKLVG,True,False,True,1,1,1,0.06132417779193487,0.9357947261543428,0.002881096053722314,0.7799959013225742,0.22000409867742574
65,1gcl,0.5806451612903226,4,LEEILSKLYHIENELARI,RMKQIEDKLEEILSKLYHIENELARIKKLLG,False,False,True,2,1,2,0.030374906979265814,0.0007218679035902139,0.968903225117144,0.6670366870335738,0.33296331296642634
66,1gcm,0.8064516129032256,3,MKQIEDKIEEILSKIYHIENEIARI,RMKQIEDKIEEILSKIYHIENEIARIKKLIG,True,False,True,1,1,1,0.00014832482641331782,0.7610504163143726,0.23880125885921402,0.9758800774759319,0.024119922524068006
67,5wll,0.6153846153846154,4,LRKILEDDARHVAELE,IEELLRKILEDDARHVAELEDIEKWL,False,False,False,2,0,2,4.89267772816631e-08,0.11572177675227699,0.8842781743209459,0.19438517390271867,0.8056148260972813
68,5wlk,0.6153846153846154,4,LRKIIEDEVRHIAELE,IEELLRKIIEDEVRHIAELEDIEKWL,False,False,False,2,0,2,3.358918826146844e-10,0.11125900149106742,0.8887409981730408,0.20004891383090415,0.7999510861690959
69,5wlj,0.6538461538461539,4,LRKILEDEARHVAELE,IEELLRKILEDEARHVAELEDIEKWL,False,True,False,2,0,2,8.1763496760538e-05,0.10429011681632797,0.8956281196869114,0.19769616666133252,0.8023038333386674
70,5wlm,0.6153846153846154,4,LRKIIEDDVRHIAELE,IEELLRKIIEDDVRHIAELEDIEKWL,False,False,False,2,0,2,9.132102395114383e-09,0.10303031889647725,0.8969696719714204,0.17894464082752634,0.8210553591724736
71,3pp5,0.746031746031746,3,IEDMSINIQKIVEFLNKFELSTRNKLSDLNEKLTILDRQVDYLEATF,TKTNIQKDWEQREFIEDMSINIQKIVEFLNKFELSTRNKLSDLNEKLTILDRQVDYLEATFKT,False,False,True,1,1,1,0.4332778466871649,0.564131898035183,0.0025902552776520356,0.9307425127604241,0.06925748723957581
72,2ovc,0.8333333333333334,4,EISMMGRVVKVEKQVQSIEHKLDLL,DEISMMGRVVKVEKQVQSIEHKLDLLLGFY,False,False,True,2,1,2,2.6353793979545986e-05,0.40380268427809174,0.5961709619279287,0.6278586345511397,0.37214136544886045
73,6ovs,0.7575757575757575,3,VEALEKKVEALEYKVQKLEKKVEAL,EVEALEKKVEALEYKVQKLEKKVEALEHGWDGR,False,False,True,1,1,1,2.646761876727446e-05,0.9979097659045904,0.002063766476642351,0.9994558245910019,0.0005441754089981598
74,1coi,0.8620689655172414,3,VEALEKKVAALESKVQALEKKVEAL,EVEALEKKVAALESKVQALEKKVEALEHG,False,False,True,1,1,1,0.00045461249710868794,0.9974400545788562,0.00210533292403512,0.9975355675704884,0.002464432429511487
75,1cos,0.8620689655172414,3,WEALEKKLAALESKLQALEKKLEAL,EWEALEKKLAALESKLQALEKKLEALEHG,False,False,False,1,1,1,0.0027489685552769287,0.6420410519851806,0.3552099794595426,0.9917880597062686,0.008211940293731424
76,6fue,0.8421052631578947,3,IETLKQELLELKQRYEAQQKALAVLEQRVRQV,DVDIETLKQELLELKQRYEAQQKALAVLEQRVRQVEDQ,False,False,True,1,1,2,0.3506165417206752,0.19238425013810176,0.45699920814122297,0.7153495496399547,0.2846504503600453
77,1s9z,0.6875,3,IRELEARIREL,SIRELEARIRELELRI,False,False,True,1,1,1,0.0667761448126417,0.7898030891683968,0.14342076601896156,0.9999992629771507,7.370228492842301e-07
78,4nr2,0.6274509803921569,2,LQKRLLALDPMMEQEIEEIRQKYQSKRQPILD,EFLKSWTVEDLQKRLLALDPMMEQEIEEIRQKYQSKRQPILDAIEAK,True,False,False,0,1,0,0.899905841666996,0.0031127941160962124,0.0969813642169077,0.7160643299887386,0.2839356700112615
79,4r0r,0.8958333333333334,3,IKKEIEAIKKEQEAIKKKIEAIEKELRQLANETTQALQLFLRA,YGIKKEIEAIKKEQEAIKKKIEAIEKELRQLANETTQALQLFLRATTE,False,False,True,1,1,1,0.05373827946468814,0.7473941450387417,0.19886757549657014,0.999784777654812,0.000215222345187982
80,1pl5,0.76,2,LDEKEKQLAVANEIIRSLSDEVMRNEIRITSLQGDLTFTKKCLENARSQISEKDAKI,SFVDIVLSKAASALDEKEKQLAVANEIIRSLSDEVMRNEIRITSLQGDLTFTKKCLENARSQISEKDAKINKLME,True,False,True,0,1,0,0.7938071272551182,0.19578586944990112,0.010407003294980729,0.9905105556572462,0.009489444342753738
81,6l5h,0.9146341463414634,2,VNALTSELRDLRAQREEAAAAHAQEVRRLQEQARDLGKQRDSCLREAEELRTQLRLLEDARDGLRRELLEAQRKL,ESTVNALTSELRDLRAQREEAAAAHAQEVRRLQEQARDLGKQRDSCLREAEELRTQLRLLEDARDGLRRELLEAQRKLRES,False,False,True,0,0,0,0.984186094883189,0.0011916214876680382,0.014622283629143118,0.3877946298539797,0.6122053701460203
82,2ba2,0.7066358024691358,3,FKEFQTVVMESFAVQNQNIDAQGEQIKELQVEQKAQGKTLQLILEALQGINKRLDNL,TRYVTHKQLDEKLKNFVTKTEFKEFQTVVMESFAVQNQNIDAQGEQIKELQVEQKAQGKTLQLILEALQGINKRLDNLES,True,False,True,1,1,1,0.34929368957766876,0.47223315085563317,0.17847315956669796,0.9999760087652876,2.3991234712417153e-05
83,3bat,0.922077922077922,2,MKEQLKQMDKMKEDLAKTERIKKELEEQNVTLLEQKNDLFGSMKQLEDKVEELLSKNYHLENEVARLKKLV,EEEMKEQLKQMDKMKEDLAKTERIKKELEEQNVTLLEQKNDLFGSMKQLEDKVEELLSKNYHLENEVARLKKLVGE,True,False,True,0,1,0,0.998341676034077,0.0015002097256740852,0.0001581142402488813,0.9998720824145068,0.00012791758549333121
84,3bas,0.9375,2,QEEEMKEQLKQMDKMKEDLAKTERIKKELEEQNVTLLEQKNDLFGSMKQLEDKVEELLSKNYHLENEVARLKKLV,ARQEEEMKEQLKQMDKMKEDLAKTERIKKELEEQNVTLLEQKNDLFGSMKQLEDKVEELLSKNYHLENEVARLKKLVGE,True,False,True,0,1,0,0.9940937128467761,0.005730189288653745,0.00017609786457012077,0.9978241318641761,0.0021758681358239997
85,4rfx,0.92,2,LTERNLDLEEKVRELRETVGDLEAMNEMNDELQENARETELELREQLDLAAARVREAEKRVEAAQETVADYQQTIKKYRELTAHLQDVNREL,ETLTERNLDLEEKVRELRETVGDLEAMNEMNDELQENARETELELREQLDLAAARVREAEKRVEAAQETVADYQQTIKKYRELTAHLQDVNRELMSQQ,True,False,True,0,1,0,0.7263289020965862,0.2736623098329514,8.788070462450268e-06,0.9010347036128857,0.09896529638711431
86,4w7z,0.59375,4,EDQEKLKTELRKTSDALSKAQNDVMEMKMQSERLSK,ECVLEAENKKLVEDQEKLKTELRKTSDALSKAQNDVMEMKMQSERLSKEYDQLLKEHSE,True,True,False,2,0,2,0.3328681650499996,0.005247384829881949,0.6618844501201184,0.265224859223242,0.734775140776758
87,6mi3,0.9590163934426228,2,VKELEDKNEELLSEIAHLKNEVARLKKLLQRCLAANQELRDAIRQSNQILRERAEELLHFQASQREEKEFLMSKFQEARKLVERLGLEKLELEDKNEELLSEIAHLKNEVARLKKLV,SWSVKELEDKNEELLSEIAHLKNEVARLKKLLQRCLAANQELRDAIRQSNQILRERAEELLHFQASQREEKEFLMSKFQEARKLVERLGLEKLELEDKNEELLSEIAHLKNEVARLKKLVGE,True,False,True,0,1,0,0.9981063781898124,0.0008223524495660623,0.0010712693606215492,0.7702947997722538,0.22970520022774626
88,6q1w,0.7575757575757575,3,VEALEKKVEALEVKVQKLEKKVEAL,EVEALEKKVEALEVKVQKLEKKVEALEHGWDGR,False,False,True,1,1,1,3.0863109296587154e-05,0.9996848894633878,0.00028424742731548465,0.9997637488251092,0.00023625117489072255
89,5oiy,0.6153846153846154,4,IEARLESIEEKLSMIL,LSIEARLESIEEKLSMILGLLRTL,True,False,True,2,1,2,0.40922991766372385,1.0998960946799423e-05,0.5907590833753293,0.7663006042844851,0.23369939571551485
90,5oi7,0.8409090909090909,2,YDSLQKIVEKQQQKMDQLRSQVQSLEQEVAQEEGTSQALREEAQRRDSALQQLRTAVKELSVQNQDLIEKNLTL,GESWQKRYDSLQKIVEKQQQKMDQLRSQVQSLEQEVAQEEGTSQALREEAQRRDSALQQLRTAVKELSVQNQDLIEKNLTLQEHLRQA,False,False,True,0,1,0,0.9420380546166793,0.016222904203303586,0.041739041180017075,0.9296954514724296,0.07030454852757044
91,4qkw,0.8712871287128713,3,LERVSTIIDGVQASQQRMEERQQQLEGSVSAVQSELLKLARDHGATATTVDKLLQKARRVSTHVKEVRSRVEKQNVRVKKVETTQDEL,SALSILSLLERVSTIIDGVQASQQRMEERQQQLEGSVSAVQSELLKLARDHGATATTVDKLLQKARRVSTHVKEVRSRVEKQNVRVKKVETTQDELL,True,False,True,1,1,1,0.014657044241959669,0.582325522868484,0.4030174328895562,0.9401730667273208,0.059826933272679184
92,2q6q,0.8548387096774194,2,NKELNFKLREKQNEIFELKKIAETLRSKLEKYVDITKKLEDQNLNLQIKISDL,QQNKELNFKLREKQNEIFELKKIAETLRSKLEKYVDITKKLEDQNLNLQIKISDLEKKLSDA,True,False,True,0,1,0,0.9152453315478368,0.08467859513736743,7.607331479571368e-05,0.9999981510000474,1.8489999525472812e-06
93,3r4a,0.6785714285714286,4,IKQELAAIKKELAAIKWEL,GELAAIKQELAAIKKELAAIKWELAAIK,True,False,True,2,1,1,0.0016881789092623397,0.6661020029032922,0.33220981818744544,0.8410205479662732,0.15897945203372668
94,4r4l,0.6808510638297872,2,LMLKEERIKELEKRLSEKEEEIQELKRKLHKC,SELEEDFAKILMLKEERIKELEKRLSEKEEEIQELKRKLHKCQSVLP,False,False,True,0,1,0,0.9449039171804532,0.0025192245682961077,0.05257685825125058,0.984567478126802,0.015432521873197946
95,4r4m,0.6808510638297872,2,LMLKEERIKELEKRLSEKEEEIQELKRKLHKL,SELEEDFAKILMLKEERIKELEKRLSEKEEEIQELKRKLHKLQSVLP,False,False,True,0,1,0,0.9959108786670743,0.0021090612918711195,0.001980060041054489,0.991642892479479,0.008357107520520924
96,4jnu,0.575,4,REIKQHLKQQQEGLSHLISIIK,SYYIDADLLREIKQHLKQQQEGLSHLISIIKDDLEDIKLV,False,True,False,2,1,2,0.10498276832320738,0.43367697101733,0.4613402606594626,0.7587432733860415,0.24125672661395842
97,5h1x,0.6041666666666666,3,NGEKITSLHREVEKVKLDQKRLDQELDFI,NAWDRTLIENGEKITSLHREVEKVKLDQKRLDQELDFILSQQKELED,True,False,True,1,1,0,0.9499681144536192,0.04884640950204054,0.0011854760443404016,0.9977980029139786,0.0022019970860213565
98,3a7o,0.6779661016949152,2,LLNTLAILQKELKSKEQEIRRLKEVIALKNKNTERLNDEL,DDALLNTLAILQKELKSKEQEIRRLKEVIALKNKNTERLNDELISGTIENNVLQ,True,False,True,0,1,0,0.6619413370613328,0.21875532189908461,0.11930334103958254,0.9974022687037515,0.0025977312962486288
99,1x8y,0.8783783783783784,2,KEAKLRDLEDSLARERDTSRRLLAEKEREMAEMRARMQQQLDEYQELLDIKLALDMEIHAYRKLL,LAAKEAKLRDLEDSLARERDTSRRLLAEKEREMAEMRARMQQQLDEYQELLDIKLALDMEIHAYRKLLEGEEER,False,False,True,0,1,0,0.9967233406115718,0.0008037547302631551,0.002472904658165146,0.704508768068096,0.2954912319319041
100,6eb9,0.6435643564356436,4,LETLCEESVLMGVINSIKLINLDMRLNHIEEQVKKIINKLESIDRVLAKTNTALSTIEGHLVSMM,DKYIMPSDDFSNTFFPHDTDRLNYHADHLGDYDLETLCEESVLMGVINSIKLINLDMRLNHIEEQVKKIINKLESIDRVLAKTNTALSTIEGHLVSMMIMI,False,False,True,2,1,2,0.011227429695335878,0.20577514268671387,0.7829974276179502,0.9218909474646223,0.07810905253537784
101,3tq2,0.9142857142857144,3,VSALKEKVSALKEQFLMLMFKVSALKEKVSAL,KVSALKEKVSALKEQFLMLMFKVSALKEKVSALKE,False,False,True,1,0,1,0.0544463913041623,0.5461154317688623,0.39943817692697525,0.4534309368435028,0.5465690631564972
102,6otn,0.8115942028985508,2,QQQADDAEERAERLQREVEGERRAREQAEAEVASLNRRIQLVEEELDRAQERLAT,RKIQVLQQQADDAEERAERLQREVEGERRAREQAEAEVASLNRRIQLVEEELDRAQERLATAL,True,True,True,0,0,0,0.7496955415482464,0.24972141426159628,0.0005830441901574438,0.2173773030952027,0.7826226969047974
103,2gus,0.8571428571428571,4,FNAKFDQFSNDMNAFRSDFQAFKDDFARFNQRFDNF,FQTFNAKFDQFSNDMNAFRSDFQAFKDDFARFNQRFDNFATK,False,False,True,2,1,1,0.17636342113510164,0.8235992827762331,3.729608866524051e-05,0.9994598355613487,0.0005401644386512583
104,5kkv,0.8125,3,IEDKIEEILSKIYHIENEIARIKKLI,GMKQIEDKIEEILSKIYHIENEIARIKKLIGE,False,False,True,1,1,2,0.0006048101063811413,0.45199557001770757,0.5473996198759112,0.9698723981996752,0.030127601800324966
105,5to5,0.8085106382978723,2,LEKFLADQQSEIDGLKGRHEKFKVESEQQYMEIEKRLSHSQERLVNETRECQSLRLELEKLNNQLKALTEKNKELEIAQDRNIAIQSQMTRTKEELEAEKRDLIRTNERLSQEL,AVLQQVLERTELNKLPKSVQNKLEKFLADQQSEIDGLKGRHEKFKVESEQQYMEIEKRLSHSQERLVNETRECQSLRLELEKLNNQLKALTEKNKELEIAQDRNIAIQSQMTRTKEELEAEKRDLIRTNERLSQELEYLT,True,False,True,0,1,0,0.9993573484458027,2.5085249763017263e-05,0.0006175663044343608,0.5473211032909966,0.45267889670900346
106,6aoz,0.8648648648648649,2,YNDLQVEYGKAQLQMKELMKKFKEIQAQNFSLINENQSLKKNISALIKTARVEINRKDEEISNL,ATYNDLQVEYGKAQLQMKELMKKFKEIQAQNFSLINENQSLKKNISALIKTARVEINRKDEEISNLHL,True,False,True,0,1,0,0.9600578727729531,0.0002537267592880256,0.039688400467758796,0.9122487428567359,0.087751257143264
107,3vmx,0.75,2,ILRLKQINIQLATKIQHLEFSCSEKEQEIERLNKLL,GSERQILRLKQINIQLATKIQHLEFSCSEKEQEIERLNKLLKQNGLLG,False,False,True,0,1,0,0.914849414899718,0.006925554600781822,0.07822503049950023,0.9877656833410915,0.01223431665890844
108,4l0n,0.6274509803921569,2,LQMRLKALDPMMEREIEELRQRYTAKRQPILD,SMDFDFLKNLSLEELQMRLKALDPMMEREIEELRQRYTAKRQPILDAMDAK,False,False,False,0,0,0,0.879235281040794,9.498049612568183e-06,0.12075522090959337,0.21910366904159365,0.7808963309584064
109,4n21,0.6097560975609756,3,FQGNMKQIEDKIEEILSKIYHIENEIARIKKLIGAIASKIIKTANYTTNALFLLNKEESEIRDHVVEHELALNYL,ENLYFQGNMKQIEDKIEEILSKIYHIENEIARIKKLIGAIASKIIKTANYTTNALFLLNKEESEIRDHVVEHELALNYLLAHQGGLCNVVKGPMCSSDIDDFSKNVSDMIDKVHEEMKKFYHE,True,False,True,1,0,0,0.5711416767316401,0.24677797877817542,0.18208034449018456,0.34234904354842455,0.6576509564515753
110,1nyh,0.8421052631578947,2,LSKAASALDEKEKQLAVANEIIRSLSDEVMRNEIRITSLQGDLTFTKKCLENARSQISEKDAKI,LSFVDIVLSKAASALDEKEKQLAVANEIIRSLSDEVMRNEIRITSLQGDLTFTKKCLENARSQISEKDAKINKLME,False,False,True,0,1,0,0.8584383460190947,0.12489532839480844,0.01666632558609678,0.9893502234507487,0.010649776549251321
111,2qdq,0.7352941176470589,2,IIAAQEEMLRKERELEEARKKLAQI,GIAQIIAAQEEMLRKERELEEARKKLAQIRQQQ,True,False,False,0,0,0,0.6127997916550252,0.38698898529430686,0.0002112230506680441,0.4596474052343763,0.5403525947656238
112,1kql,0.7090909090909091,2,VEELLSKNYHLENEVARLKKLVDDLEDELYAQKLKYKAI,MDKVEELLSKNYHLENEVARLKKLVDDLEDELYAQKLKYKAISEELDHALNDMT,True,False,True,0,1,0,0.9332557692626043,0.0005909355431159256,0.06615329519427994,0.9186160006149304,0.08138399938506953
113,2qih,0.9705882352941176,3,RIATAELGIAENKKDAQIAKAQANENKDGIAKNQADIQLHDKKITNLGILHSMVARAVGNNTQGVATNKADIAKNQADIANNIKNIYELAQQQDQHSSDIKTLAKVSAANTDRIAKNKAEADASFETLTKNQ,NTDRIATAELGIAENKKDAQIAKAQANENKDGIAKNQADIQLHDKKITNLGILHSMVARAVGNNTQGVATNKADIAKNQADIANNIKNIYELAQQQDQHSSDIKTLAKVSAANTDRIAKNKAEADASFETLTKNQK,False,False,True,1,1,1,0.3405754598537456,0.6593734965132012,5.104363305320943e-05,0.9999679019050026,3.209809499729044e-05
114,4jzl,0.8548387096774194,2,EVKLEEENRSLKADLQKLKDELASTKQKLEKAENQVLAMRKQSEGLTKEYDRL,AEVKLEEENRSLKADLQKLKDELASTKQKLEKAENQVLAMRKQSEGLTKEYDRLLEEHAKL,True,False,True,0,1,0,0.9308376367529458,0.012026846285155664,0.05713551696189848,0.7122531780829442,0.28774682191705586
115,5y2h,0.8478260869565217,4,IEKQMDRVVKEMRRQLEMIDKLTTREIEQVELLKRIHDK,DEIEKQMDRVVKEMRRQLEMIDKLTTREIEQVELLKRIHDKLVVQ,True,False,False,2,1,2,0.027555701569193812,0.020210738873962332,0.9522335595568439,0.561477234887959,0.438522765112041
116,5y2e,0.8636363636363636,4,EKQMDRVVKEMRRQLEMIDKLTTRGIEQVELLKRIHD,MIEKQMDRVVKEMRRQLEMIDKLTTRGIEQVELLKRIHDKLMIR,True,True,False,2,1,2,0.06894775351661424,0.0007705847747781827,0.9302816617086076,0.6506394791763164,0.3493605208236837
117,6wko,0.5777777777777777,3,IQILKSSINIAIEKLNDRISHDEQAIRDLTLEIENARSEALLGELGIIRALL,NDIQILKSSINIAIEKLNDRISHDEQAIRDLTLEIENARSEALLGELGIIRALLVGNISIGLQESLWELASEITNRAGDLAVEVSPGSWI,False,False,True,1,1,2,0.23172791018292216,0.2405940736291003,0.5276780161879775,0.6372196701149867,0.3627803298850133
118,7o39,0.5098039215686274,2,VANFLEQLSTEIERLKEDKKQLEKVI,FTPNEIKNKEFSRVKNGLEPTEVANFLEQLSTEIERLKEDKKQLEKVIEER,False,False,True,0,1,1,0.02712002173499949,0.8295917759433402,0.14328820232166037,0.7202171039911144,0.2797828960088856
119,3u59,0.89,2,IKKKMQMLKLDKENAIDRAEQAEADKKQAEDRCKQLEEEQQGLQKKLKGTEDEVEKYSESVKEAQEKLEQAEKKATDAEAEVASLNRRI,ASMEAIKKKMQMLKLDKENAIDRAEQAEADKKQAEDRCKQLEEEQQGLQKKLKGTEDEVEKYSESVKEAQEKLEQAEKKATDAEAEVASLNRRIQLVEEE,True,False,True,0,1,0,0.8851257595020856,0.11483059433265681,4.3646165257639945e-05,0.9566422016997265,0.04335779830027338
120,4u5t,0.7837837837837838,2,LEIRAAFLEKENTALRTEVAELRKEVGRC,DPDLEIRAAFLEKENTALRTEVAELRKEVGRCKNIVS,False,False,True,0,1,2,0.2847380966060319,0.1197719673671536,0.5954899360268145,0.6795006551917341,0.3204993448082658
121,2xzr,0.9537037037037036,3,IEDKIEEILSKIYHIENEIARIKKLIGAIDGRVTRNTQSIEKNSKAIAANTRTLQQHSARLDSQQRQINENHKEMKQIEDKIEEILSKIYHIENEIARIKKLI,KQIEDKIEEILSKIYHIENEIARIKKLIGAIDGRVTRNTQSIEKNSKAIAANTRTLQQHSARLDSQQRQINENHKEMKQIEDKIEEILSKIYHIENEIARIKKLIKLH,False,False,True,1,1,1,0.3829622208890299,0.6165205323029147,0.0005172468080554012,0.9999943964661753,5.603533824771745e-06
122,3v86,0.925925925925926,3,VYQLKDEVGELKGEVRALKDEVKDL,YVYQLKDEVGELKGEVRALKDEVKDLK,False,False,True,1,1,1,0.010338128202371762,0.7598555719586766,0.2298062998389517,0.9998313097926737,0.00016869020732630525
123,1d7m,0.9801980198019802,2,MANRLAGLENSLESEKVSREQLIKQKDQLNSLLASLESEGAEREKRLRELEAKLDETLKNLELEKLARMELEARLAKTEKDRAILELKLAEAIDEKSKL,EMANRLAGLENSLESEKVSREQLIKQKDQLNSLLASLESEGAEREKRLRELEAKLDETLKNLELEKLARMELEARLAKTEKDRAILELKLAEAIDEKSKLE,False,False,True,0,1,0,0.9658597669356064,0.034131533059218865,8.700005174699199e-06,0.9999999527995239,4.7200476060993425e-08
124,5ajs,0.7936507936507936,2,LLRKLNEQRDILALMEVKMKEMKGSIRHLRLTEAKLREELREKDRLLAMA,TEEELLRKLNEQRDILALMEVKMKEMKGSIRHLRLTEAKLREELREKDRLLAMAVIRKKH,True,False,True,0,1,0,0.9994742379189804,0.00012826323186055608,0.0003974988491591172,0.9991113484007201,0.0008886515992798883
125,6v5i,0.7575757575757575,3,VEALEKKVAALELKVQALEKKVEAL,EVEALEKKVAALELKVQALEKKVEALEHGWDGR,False,False,True,1,1,1,0.0016843923527996257,0.99784410402595,0.0004715036212502457,0.9990621067008574,0.0009378932991426448
126,6v5g,0.7575757575757575,3,VEALEKKVAALELKVQKLEKKVEAL,EVEALEKKVAALELKVQKLEKKVEALEHGWDGR,False,False,True,1,1,1,0.0029966634324286737,0.9962471696689503,0.000756166898620987,0.9989074365493646,0.0010925634506354198
127,6v5j,0.7575757575757575,3,VEALEKKVEALELKVQALEKKVEAL,EVEALEKKVEALELKVQALEKKVEALEHGWDGR,False,False,True,1,1,1,5.695133884316016e-05,0.9987299739679493,0.0012130746932074808,0.9994537064974327,0.0005462935025672744
128,6v50,0.8064516129032256,3,VEALEAKVEALESKVQKLEKKVEAL,EVEALEAKVEALESKVQKLEKKVEALEHGWD,False,False,True,1,1,1,1.0739308060880379e-05,0.9183915643379879,0.08159769635395128,0.8167971886549228,0.1832028113450772
129,4bwd,0.819672131147541,2,ELEEKTRLINQVMELQHTLEDLSARVDAVKEENLKLKSENQVLGQYIENL,AENQVELEEKTRLINQVMELQHTLEDLSARVDAVKEENLKLKSENQVLGQYIENLMSAS,True,False,True,0,1,0,0.5811034879022194,0.41517444033258,0.003722071765200586,0.6667812119499483,0.33321878805005173
130,1gk4,0.8607594936708861,2,LKGTNESLERQMREMEENFAVEAANYQDTIGRLQDEIQNMKEEMARHLREYQDLLNVKMALDIEIATY,CEVDALKGTNESLERQMREMEENFAVEAANYQDTIGRLQDEIQNMKEEMARHLREYQDLLNVKMALDIEIATYRKLLEG,False,False,True,0,1,0,0.6538664451759019,0.2974135711659892,0.04871998365810896,0.9880773898915349,0.01192261010846507
131,1gk6,0.8545454545454545,2,LEDKVEELLSKNYHLENEVARLKKLVGDLLNVKMALDIEIATYRKLL,MKQLEDKVEELLSKNYHLENEVARLKKLVGDLLNVKMALDIEIATYRKLLEG,True,False,True,0,1,0,0.4891707867066556,0.12849161565477973,0.3823375976385647,0.9870208437411915,0.012979156258808588
132,2x6p,0.8620689655172414,3,WEALEKKLAALESKLQACEKKLEAL,EWEALEKKLAALESKLQACEKKLEALEHG,False,False,True,1,1,1,0.00246690423749722,0.9962256930808285,0.0013074026816741857,0.9611186542873214,0.0388813457126788
133,1unu,0.8387096774193549,4,IEDKSEEILSKLYHIENELARIKKLL,MKQIEDKSEEILSKLYHIENELARIKKLLGE,False,False,True,2,1,2,0.001162837436262679,0.040051576051956264,0.9587855865117809,0.9997636668460013,0.00023633315399875787
134,1unw,0.7419354838709677,4,IEDKLEEILSKLYHIENEGARIK,RMKQIEDKLEEILSKLYHIENEGARIKKLLG,False,False,True,2,1,2,0.012274452462286707,0.020286463826117342,0.9674390837115959,0.9405638397133597,0.05943616028664032
135,1unz,0.7857142857142857,4,IEDKLEEILSKLYHIENELARS,KQIEDKLEEILSKLYHIENELARSKKLL,False,False,True,2,0,2,0.06071306403060482,1.4529756679341785e-05,0.9392724062127158,0.08994607841864026,0.9100539215813598
136,1unv,0.72,4,TEEILSKLYHIENELARI,KTEEILSKLYHIENELARIKKLL,True,False,True,2,1,2,0.11798176486753065,1.6448114090106634e-05,0.8820017870183792,0.9981164870237684,0.0018835129762316161
137,1unx,0.7096774193548387,4,IEDKLEEILSKLYHIENESARI,RMKQIEDKLEEILSKLYHIENESARIKKLLG,True,False,True,2,1,2,0.0017614561195967657,0.15604376175123597,0.8421947821291672,0.9391794982150893,0.06082050178491063
138,1unt,0.65625,4,EDKAEEILSKLYHIENELARI,RMKQIEDKAEEILSKLYHIENELARIKKLLGE,True,False,True,2,1,2,0.007350225399690495,0.054966037099715995,0.9376837375005935,0.9445159135512835,0.05548408644871659
139,6o2f,0.935483870967742,2,MKQLEDKVEELLSKNYNLENEVARLKKLV,RMKQLEDKVEELLSKNYNLENEVARLKKLVG,False,False,True,0,1,0,0.8570945839263944,0.14199566156950258,0.0009097545041030976,0.9919209547879196,0.008079045212080294
140,2pnv,0.8461538461538461,3,MYDMISDLNERSEDFEKRIVTLETKLETLIGSI,NIMYDMISDLNERSEDFEKRIVTLETKLETLIGSIHALP,False,False,True,1,1,2,0.03959237125972297,0.36156158484098105,0.5988460438992961,0.857593161594328,0.1424068384056721
141,1rb6,0.78125,3,MKQLEDKVEELLSKAYHLENEVARL,RMKQLEDKVEELLSKAYHLENEVARLKKLVG,True,False,False,1,1,1,0.12571244693893197,0.8643826697583243,0.009904883302743618,0.9922660250522256,0.007733974947774414
142,6v4y,0.8333333333333334,3,VEALEAKVEALEYKVQKLEKKVEAL,EVEALEAKVEALEYKVQKLEKKVEALEHGW,False,False,True,1,1,1,1.1503048312048992e-05,0.916484920446503,0.08350357650518495,0.9988237953847253,0.0011762046152746341
143,6d42,0.8461538461538461,4,LYDLQQNLSSSHRALEKQIDTLAGKLDALTELL,ILYDLQQNLSSSHRALEKQIDTLAGKLDALTELLSTAL,False,False,True,2,1,2,0.18130595697783247,0.203708364850658,0.6149856781715096,0.9124484008363926,0.08755159916360752
144,2z5i,0.8775510204081632,2,LLSKNYHLENEVARLKKLVDDLEDELYAQKLKYKAISEELDHA,GELLSKNYHLENEVARLKKLVDDLEDELYAQKLKYKAISEELDHALNDM,False,False,True,0,0,0,0.8825268895315013,0.010043227718203039,0.10742988275029566,0.36658448170836455,0.6334155182916354
145,4dzk,0.8620689655172414,3,IAAIKQEIAANKKEIAAIKWEIAAI,GEIAAIKQEIAANKKEIAAIKWEIAAIKQ,False,False,True,1,1,1,1.364141891304712e-05,0.8794594045616675,0.12052695401941942,0.9999710911185847,2.8908881415179445e-05
146,1ic2,0.8860759493670886,2,KKKMQMLKLDKENALDRAEQAEADKKAAEERSKQLEDELVALQKKLKGTEDELDKYSESLKDAQEKLEL,MDAIKKKMQMLKLDKENALDRAEQAEADKKAAEERSKQLEDELVALQKKLKGTEDELDKYSESLKDAQEKLELADKK,True,True,True,0,1,0,0.9947047732206572,5.56026830508958e-05,0.005239624096291836,0.9597780423666926,0.04022195763330749
147,3ni0,0.7473684210526316,2,CRNTTHLLQRQLTRTQDSLLQAETQANSCNLTVVTLQESLEKKVSQALEQQARIKELENEVTKLNQELENL,CRDGLRAQAECRNTTHLLQRQLTRTQDSLLQAETQANSCNLTVVTLQESLEKKVSQALEQQARIKELENEVTKLNQELENLRIQKET,True,False,True,0,1,0,0.9728630673715626,0.0009080671504407611,0.026228865477996556,0.8529537138178094,0.1470462861821906
148,3ljm,0.8620689655172414,3,WEALEKKCAALESKLQALEKKLEAL,EWEALEKKCAALESKLQALEKKLEALEHG,False,False,True,1,1,1,0.024195849638209095,0.9745393878362147,0.0012647625255761484,0.9921929604381987,0.007807039561801199
149,1nkn,0.918918918918919,2,QLKQMDKMKEDLAKTERIKKELEEQNVTLLEQKNDLFGSMKQLEDKVEELLSKNYHLENEVARLKKLV,MKEQLKQMDKMKEDLAKTERIKKELEEQNVTLLEQKNDLFGSMKQLEDKVEELLSKNYHLENEVARLKKLVGE,True,False,True,0,1,0,0.9893841184837149,0.000205507709950068,0.010410373806335176,0.9945169319760172,0.005483068023982796
150,6zpm,0.6893203883495146,2,YEKLVKECRRLEEELEQKTHEASDASQRVRQLERETTRLMRRVEQLVSAVEGQKQKLDETEAKHKLELAEI,SSLQRYEKLVKECRRLEEELEQKTHEASDASQRVRQLERETTRLMRRVEQLVSAVEGQKQKLDETEAKHKLELAEIENRHELEIQSKMSSHEEALRRLMD,True,False,True,0,1,0,0.8385510451401261,0.16144658559070943,2.3692691643137066e-06,0.9999964068528954,3.59314710471903e-06
151,3qh9,0.9242424242424242,2,KQRKAEELLQELRHLKIKVEELENERNQYEWKLKATKAEVAQLQEQVALKDAEIERLHSQL,QEEKQRKAEELLQELRHLKIKVEELENERNQYEWKLKATKAEVAQLQEQVALKDAEIERLHSQLSR,False,False,True,0,1,0,0.9023946240254803,0.0975913451338968,1.4030840623019915e-05,0.9895994734235289,0.010400526576471081
152,6q25,0.7575757575757575,3,VEALEKKVEALELKVQKLEKKVEAL,EVEALEKKVEALELKVQKLEKKVEALEHGWDGR,False,False,True,1,1,1,0.0023622118510070356,0.9958048635688541,0.0018329245801388758,0.9990929434765846,0.000907056523415406
153,2zta,0.935483870967742,2,MKQLEDKVEELLSKNYHLENEVARLKKLV,RMKQLEDKVEELLSKNYHLENEVARLKKLVG,False,False,True,0,1,0,0.8724056821640362,0.12515841190802796,0.002435905927935773,0.9938615258466627,0.006138474153337436
154,3g9r,0.7857142857142857,3,WASLWNWFNITNWLWYIKIEELKSKIKRIENEI,DKWASLWNWFNITNWLWYIKIEELKSKIKRIENEIKRIKK,True,False,True,1,1,1,0.3964935929120197,0.596810593134894,0.006695813953086284,0.6952861537729504,0.3047138462270496
155,6vzf,0.6976744186046512,2,VDDLLHQLQLLKEENNRKSMQISEMGKKISDLEVEKTAYRETLTNLNQELARLTNEEQSH,NNHQIQELESNVDDLLHQLQLLKEENNRKSMQISEMGKKISDLEVEKTAYRETLTNLNQELARLTNEEQSHRTEIFTLNASFKKQL,False,False,True,0,1,0,0.9935516546099471,0.0017961523010679692,0.004652193088985089,0.9999994181832592,5.8181674067459e-07
156,6yf5,0.5617977528089888,2,LQELNDRLAVYIDRVRSLETENAGLRLRITESEEVVDFYFGKLRNIELIC,TRITRLQEKEDLQELNDRLAVYIDRVRSLETENAGLRLRITESEEVVDFYFGKLRNIELICQENEGENDPVLQRIVDILYATD,True,False,True,0,1,1,0.390457988961773,0.6093482737473894,0.00019373729083762642,0.9996726786241176,0.0003273213758824056
157,5i4z,0.527027027027027,2,LKKATAYILSVQAETQKLISEIDLLRKQNEQLKHKLEQL,RRNELKRSFFALRDQIPELENNEKAPKVVILKKATAYILSVQAETQKLISEIDLLRKQNEQLKHKLEQLRNSCA,False,False,True,0,1,0,0.9057733441086004,0.09034566901782567,0.003880986873573831,0.9649533753447498,0.035046624655250214
158,3g1e,0.6756756756756757,2,NDRFANLIDKVRFLEQQNKILLAE,NEKVELQELNDRFANLIDKVRFLEQQNKILLAELEQL,False,True,True,0,1,0,0.6857961100994008,0.012031372027763176,0.30217251787283594,0.5149051891188081,0.485094810881192
159,5hhe,0.935483870967742,2,SEQLQMELKELALEEERLIQELEDVEKNRKIVAENLEKVQAEAERLDQEEAQYQREYSEFKRQQLELDDELKSVENQMRYAQTQLDK,DDSEQLQMELKELALEEERLIQELEDVEKNRKIVAENLEKVQAEAERLDQEEAQYQREYSEFKRQQLELDDELKSVENQMRYAQTQLDKLKLE,False,False,False,0,0,0,0.995916718194694,0.0020087296317259596,0.002074552173580048,0.16855925750561201,0.831440742494388
160,6xy0,0.8666666666666667,4,IQQELKAIQQELKAIQWELKAIQQEL,GAIQQELKAIQQELKAIQWELKAIQQELKG,False,False,True,2,1,2,9.280182158238471e-07,0.25457242005200725,0.7454266519297769,0.949832934417872,0.050167065582128
161,6xy1,0.7333333333333333,4,IQKQLKEIQKQLKEIQWQLKEI,GEIQKQLKEIQKQLKEIQWQLKEIQKQLKG,False,False,True,2,0,2,1.85438846997406e-05,0.004014668294625186,0.9959667878206749,0.38440015598131955,0.6155998440186804
162,4xyp,0.6142857142857143,3,LNGIIDQINKVNLLLEGEIEAVRRIAYMNQASSLQNQVEIGLI,VKEKLNGIIDQINKVNLLLEGEIEAVRRIAYMNQASSLQNQVEIGLIGEYLNISSWLETKTLTKTEEGLM,False,False,True,1,1,1,0.19851217504015786,0.800680933556953,0.0008068914028892506,0.9999904854966853,9.514503314655975e-06
163,1p9i,0.896551724137931,2,LNALLASLEAENKQLKAKVEELLAKV,QLNALLASLEAENKQLKAKVEELLAKVGE,False,False,True,0,1,1,0.02083139549663636,0.9636599541836841,0.015508650319679601,0.9873723826909486,0.01262761730905122
164,1t6f,0.8648648648648649,2,LYEALKENEKLHKEIEQKDNEIARLKKENKEL,TLYEALKENEKLHKEIEQKDNEIARLKKENKELAEVA,False,False,True,0,0,0,0.9975237292069657,0.002382230136305667,9.404065672874696e-05,0.25081058320980176,0.7491894167901982
165,3efg,0.8431372549019608,3,LEARLVELETRLSFQEQALTELSEALADARLTGARNAELIRHL,RDQELEARLVELETRLSFQEQALTELSEALADARLTGARNAELIRHLLEDL,False,False,True,1,1,1,0.14389668763387267,0.5663641907751142,0.2897391215910131,0.9843414601160223,0.015658539883977717
166,2efr,0.9548387096774194,2,LEDKVEELLSKNYHLENEVARLKKLLERAEERAELSEGKSAELEEELKTVTNNLKSLEAQAEKYSQKEDKYEEEIKVLSDKLKEAETRAEFAERSVTKLEKSIDDLEDELYAQKLKYKAISEEMKQLEDKVEELLSKNYHLENEVARL,MKQLEDKVEELLSKNYHLENEVARLKKLLERAEERAELSEGKSAELEEELKTVTNNLKSLEAQAEKYSQKEDKYEEEIKVLSDKLKEAETRAEFAERSVTKLEKSIDDLEDELYAQKLKYKAISEEMKQLEDKVEELLSKNYHLENEVARLKKL,True,False,True,0,1,0,0.7497843818113078,0.24958686306874206,0.0006287551199501411,0.9452074123919397,0.0547925876080602
167,3u91,0.7333333333333333,3,LQLTVWGIKQLQARILAVERYL,QHLLQLTVWGIKQLQARILAVERYLKDQQL,False,False,True,1,1,1,0.023766365851199206,0.9759793886082319,0.0002542455405688635,0.9902436716376861,0.009756328362313793
168,1u9g,0.6818181818181818,4,ILSKLYHIENELARI,EEILSKLYHIENELARIKKLL,False,False,True,2,1,2,0.05810457230684787,0.0023607286780837518,0.9395346990150685,0.7836461909892554,0.21635380901074458
169,3hfe,0.7037037037037037,3,IGARLNRVEDKVTQLDQRL,NTIGARLNRVEDKVTQLDQRLALITD,True,False,True,1,1,2,0.0030539495497348074,0.3937677571048773,0.603178293345388,0.9983884959233056,0.0016115040766944589
170,4c1a,0.6944444444444444,2,LELELEEVESQIRALVVRRSRLRER,GPAMEALELELEEVESQIRALVVRRSRLRERLLAV,True,False,False,0,1,1,0.40238781535665574,0.5178827836929976,0.07972940095034671,0.6456334056456373,0.3543665943543627
171,5aps,0.9047619047619048,3,VEELLSKVYHLENEVARLKKLIENKKADMKQLEDKVEELLSKVYHLENEVARLKKLV,EDKVEELLSKVYHLENEVARLKKLIENKKADMKQLEDKVEELLSKVYHLENEVARLKKLVGER,False,False,True,1,1,1,0.2317734881997066,0.49653931844370175,0.2716871933565915,0.980495350384056,0.01950464961594407
172,3swy,0.8695652173913043,3,LEEKVEQLGSSLDTLQTRFARLLAEYNATQMKMKQRLSQL,GALEEKVEQLGSSLDTLQTRFARLLAEYNATQMKMKQRLSQLESQV,False,False,True,1,1,0,0.6870965819118309,0.3024042865898301,0.010499131498338874,0.9758795439059927,0.024120456094007193
173,1ce0,0.8285714285714286,3,LLQRIKQQEDKLEETLSKIYHLENEIARV,RLLQRIKQQEDKLEETLSKIYHLENEIARVKKLLG,True,False,True,1,1,2,0.07956250858063861,0.03731191415325378,0.8831255772661077,0.9640794726813118,0.03592052731868824
174,3m48,0.5666666666666667,2,EELLSKNWNLENEVAR,AQLEAKVEELLSKNWNLENEVARLKKLVGE,False,True,True,0,1,0,0.5872351462161661,0.4114594338580343,0.0013054199257997042,0.9069256348473049,0.0930743651526951
175,3lbw,0.8636363636363636,4,LVVAASIIAILHLILWILD,PLVVAASIIAILHLILWILDRL,False,False,True,2,0,2,0.003876778122437784,0.1026245617935326,0.8934986600840297,0.48071439254586357,0.5192856074541363
176,5omd,0.8360655737704918,2,ASMLRDKINFLNIEREKEKNIQAVKVNELQVKHLQELAKLKQELQKLEDEK,PGEASMLRDKINFLNIEREKEKNIQAVKVNELQVKHLQELAKLKQELQKLEDEKKFLQMEA,False,False,True,0,1,0,0.9011669093324507,0.09700569732150932,0.0018273933460400626,0.993586252473585,0.00641374752641517
177,3m9h,0.7441860465116279,4,LEARIDSLAARNSKLMETLKEARQQLLALREE,SARDIHQLEARIDSLAARNSKLMETLKEARQQLLALREEVDRL,False,False,False,2,1,0,0.7946966746636617,0.17563670403086823,0.02966662130547008,0.9923410760574136,0.0076589239425864045
178,5m97,0.6,2,QQQITSLETQLYEVNETMFGLERERDFYFNKLREIEIL,QAQQQITSLETQLYEVNETMFGLERERDFYFNKLREIEILVQTHLTTSPMSMENMLERIQAILYS,True,True,True,0,1,1,0.3571658860353411,0.6408152952062249,0.0020188187584338655,0.9981005624235715,0.001899437576428431
179,1uo5,0.7741935483870968,4,EDKAEEILSKLYHIENELARIKKL,MKQIEDKAEEILSKLYHIENELARIKKLLGE,False,False,True,2,1,2,0.013123046895727805,0.0010539500707375331,0.9858230030335345,0.7793694801319715,0.22063051986802865
180,1uo1,0.8064516129032258,4,IEDKLEEILSKLYHIENELARTKKL,RMKQIEDKLEEILSKLYHIENELARTKKLLG,False,False,True,2,1,2,0.002892386294778144,0.01345058380054511,0.9836570299046766,0.9722416338171584,0.027758366182841533
182,1uo0,0.7096774193548387,4,IEDKLEEILSKLYHIENELARA,RMKQIEDKLEEILSKLYHIENELARAKKLLG,False,False,True,2,1,2,0.025451132126683512,0.0030494570900175162,0.9714994107832989,0.6230344905838104,0.37696550941618956
183,1uo4,0.5806451612903226,4,ILSKLYHIENELARIKKL,MKQIEDKGEEILSKLYHIENELARIKKLLGE,False,False,True,2,1,2,0.006388219318025451,0.005402272312433374,0.9882095083695411,0.9950430790782478,0.004956920921752106
184,6egp,0.8888888888888888,3,WEALEKKLAAAESKCQALEKKLQALEKKLEAL,EWEALEKKLAAAESKCQALEKKLQALEKKLEALEHG,False,False,True,1,1,1,0.004327445189848588,0.9937569414025849,0.0019156134075667228,0.9363782592246095,0.06362174077539054
185,2oqq,0.8571428571428571,2,LSELENRVKDLENKNSELEERLSTLQNENQMLRHIL,GSAYLSELENRVKDLENKNSELEERLSTLQNENQMLRHILKN,False,False,True,0,1,0,0.8736496579184942,0.06638788102140272,0.059962461060103,0.939502114551839,0.060497885448160885
186,2cce,0.8333333333333334,4,IEDKLEEILSKLYHISNELARIKKL,MKQIEDKLEEILSKLYHISNELARIKKLLGE,False,False,True,2,0,2,0.0016466349931967875,0.0018030446380958836,0.9965503203687073,0.3697713316342842,0.6302286683657158
187,2ccf,0.7741935483870968,4,IEDKLEEILSKLYHISNELARIKK,RMKQIEDKLEEILSKLYHISNELARIKKLLG,True,False,False,2,1,2,0.009532690561634227,0.003093220424663359,0.9873740890137025,0.9917675028531578,0.008232497146842266
188,2ccn,0.75,4,IEDKLEEILSKLYHICNELARIKK,MKQIEDKLEEILSKLYHICNELARIKKLLGER,True,False,False,2,0,2,0.0011764569948649016,0.0019450706801820226,0.9968784723249531,0.3901532595637612,0.6098467404362388
189,3vyi,0.782608695652174,3,ILRIKQNINQIATKIQHIEFSISEIEQEIERINKLI,SERQILRIKQNINQIATKIQHIEFSISEIEQEIERINKLIKQNGLL,True,False,True,1,1,1,0.1985692501513851,0.7955623309639316,0.005868418884683246,0.9991383113701773,0.0008616886298226989
190,6wcu,0.8666666666666667,2,TEKLIRMKDEELRRMQEMLQRMKQQM,ETEKLIRMKDEELRRMQEMLQRMKQQMQDQ,False,False,True,0,0,0,0.8301479851155869,0.002560051481423666,0.16729196340298957,0.025509323871471708,0.9744906761285282
191,6xxz,0.8666666666666667,4,IKQQLAEIKQQLAEIKWQLAEIKQQL,GEIKQQLAEIKQQLAEIKWQLAEIKQQLAG,False,False,True,2,1,2,0.06577605421368374,0.04256563655596317,0.8916583092303529,0.8945323686072758,0.10546763139272422
192,3tyy,0.8666666666666667,2,CLERIQELEDLLAKEKDNSRRMLTDKEREMAEIRDQMQQQLNDYEQLLDVKLALDMEISAYRKLL,ESRACLERIQELEDLLAKEKDNSRRMLTDKEREMAEIRDQMQQQLNDYEQLLDVKLALDMEISAYRKLLEG,True,False,True,0,1,0,0.9354203628057179,0.0034212433962211145,0.06115839379806091,0.7449945501909152,0.2550054498090848
193,5lhw,0.6666666666666666,2,QDRQLRLLQAQIQRLLEA,GSLTEQDRQLRLLQAQIQRLLEAQSLM,False,False,False,0,1,2,0.11417731100549622,0.08977170779875474,0.7960509811957491,0.869882855557724,0.13011714444227593
194,1qx8,0.8297872340425532,4,ALNMARFIRSQTLTLLEKLNELADICESLHDHADELYRS,EKTALNMARFIRSQTLTLLEKLNELADICESLHDHADELYRSCLARF,True,False,False,2,0,0,0.4999306213492643,0.1534364611917358,0.34663291745900005,0.24873119485845643,0.7512688051415436
195,2xg7,0.8292682926829268,2,FQDVEAQAATCNHTVMALMASLDAEKAQGQKKVEELEGEITTLNHKLQDASAEVERLRRENQVLSVRI,AQKGFQDVEAQAATCNHTVMALMASLDAEKAQGQKKVEELEGEITTLNHKLQDASAEVERLRRENQVLSVRIADK,True,False,True,0,1,0,0.5242588703186375,0.4064524387833771,0.0692886908979854,0.8033560990539383,0.19664390094606168
196,1t3j,0.5967741935483871,2,QKHLEEEIARLSKEIDQLEKMQNNSKLLRNKAVQLES,ATTFARLCQQVDMTQKHLEEEIARLSKEIDQLEKMQNNSKLLRNKAVQLESELENFSKQFLH,False,False,False,0,1,0,0.3763254231001505,0.3231024225141702,0.3005721543856793,0.8120664778680977,0.18793352213190234
197,6owd,0.925925925925926,2,IARLQRQIRALQRQNARLQRQIRAL,QIARLQRQIRALQRQNARLQRQIRALQW,False,False,True,0,1,2,0.379595277062195,0.14216779347301584,0.4782369294647892,0.6312391948427425,0.36876080515725745
198,4owi,0.7575757575757576,2,MKQLEDKVGELLFSNYWLELEVARL,GSMRMKQLEDKVGELLFSNYWLELEVARLKKLV,False,False,True,0,1,2,0.27287231551358004,0.029906837089849377,0.6972208473965706,0.6221339256951403,0.37786607430485974
199,2b22,0.8620689655172413,4,LEDVVEELLSVNYHLENVVARLKKL,VKQLEDVVEELLSVNYHLENVVARLKKLV,False,False,False,2,1,1,0.4418322700609476,0.5152905840353194,0.042877145903733135,0.882546791756124,0.11745320824387598
200,4gdo,0.5952380952380952,2,VEAALEKQRQLAEAHAQAKAQAERE,HMRAEERERLAEVEAALEKQRQLAEAHAQAKAQAEREAKEL,True,False,False,0,1,1,0.4488474473344669,0.5510515011163518,0.00010105154918130305,0.6928976027763201,0.30710239722367993
201,3i00,0.8947368421052632,2,KDHLIERLYREISGLKAQLENMKTESQRVVLQLKGHVSELEADLAEQQHLRQQAADDCEFLRAELDEL,KDEKDHLIERLYREISGLKAQLENMKTESQRVVLQLKGHVSELEADLAEQQHLRQQAADDCEFLRAELDELRRQRE,True,False,True,0,1,0,0.6947544678539991,0.26310475728806615,0.04214077485793478,0.8684173749602954,0.1315826250397046
202,6ign,0.7154471544715447,2,LASTRRDQDNMQAELNRLQAENDASKEEVKEVLQALEELAVNYDQKSQEVEDKTKEYELLSDELNQKSATLASIDAELQKLKEMTNHQ,QLVEKLKTQMLDQEELLASTRRDQDNMQAELNRLQAENDASKEEVKEVLQALEELAVNYDQKSQEVEDKTKEYELLSDELNQKSATLASIDAELQKLKEMTNHQKKRAAEMMASLLKDLAEIG,False,False,False,0,0,0,0.9989471641366297,0.0005188299348758262,0.0005340059284945598,0.4154160655117514,0.5845839344882485
203,6igv,0.7796610169491526,2,LASTRRDQDNMQAELNRLQAENDASKEEVKEVLQALEELAVNYDQKSQEVEDKTKEYELLSDELNQKSATLASIDAELQKLKEMTNHQKKRA,VEKLKTQMLDQEELLASTRRDQDNMQAELNRLQAENDASKEEVKEVLQALEELAVNYDQKSQEVEDKTKEYELLSDELNQKSATLASIDAELQKLKEMTNHQKKRAAEMMASLLKDLA,False,False,False,0,1,0,0.9989189193977754,0.00032263586920116855,0.0007584447330233432,0.5697731806619686,0.4302268193380314
204,6yjd,0.6538461538461539,2,LRVNYGSCVSEYNDLTKSLARERDTSRRLLAEKEREMAEMRARMQQQLDEYQELLDIKLALDMEIHAY,MPLKPEEHEDILNKLLDPELAQSERTEALQQLRVNYGSCVSEYNDLTKSLARERDTSRRLLAEKEREMAEMRARMQQQLDEYQELLDIKLALDMEIHAYRKLLE,False,False,True,0,1,0,0.9983947769577156,1.0862602377566519e-05,0.001594360439906732,0.9997138858759331,0.00028611412406678307
205,2xdj,0.9242424242424242,3,VEDRVTQLERISNAHSQLLTQLQQQLSDNQSDIDSLRGQIQENQYQLNQVVERQKQILLQI,SVEDRVTQLERISNAHSQLLTQLQQQLSDNQSDIDSLRGQIQENQYQLNQVVERQKQILLQIDSLS,True,False,True,1,1,1,0.12481643022490925,0.861672876689281,0.01351069308580971,0.9930691924458429,0.006930807554157026
206,1mof,0.5471698113207547,3,LREVEKSISNLEKSLTSLSEVVLQNRRGL,DLREVEKSISNLEKSLTSLSEVVLQNRRGLDLLFLKEGGLCAALKEECAFYAD,False,False,True,1,1,2,0.19605459663708358,0.3893004946437405,0.4146449087191758,0.633150361080905,0.36684963891909494
207,3vn0,0.75,2,ILRLKQINIQLATKIQHLEFSSSEKEQEIERLNKLL,GSERQILRLKQINIQLATKIQHLEFSSSEKEQEIERLNKLLKQNGLLG,True,False,True,0,1,0,0.9704046428806287,0.009434287327641882,0.020161069791729467,0.997414518293751,0.0025854817062489267
208,7bgf,0.8928571428571429,2,VQGLQVKVTKLKQERILDAQRLEEFFTKNQQLREQQKVLHETIKVLEDRLRAGLADRAAVTEEHMRKKQQEFENIRQQNLKLITELMNERNTLQEENKKL,HDREVQGLQVKVTKLKQERILDAQRLEEFFTKNQQLREQQKVLHETIKVLEDRLRAGLADRAAVTEEHMRKKQQEFENIRQQNLKLITELMNERNTLQEENKKLSEQL,True,False,True,0,1,0,0.9981958459180651,0.001632995639856154,0.0001711584420786503,0.9279487762372168,0.07205122376278301
209,1uii,0.7704918032786885,2,WKEVAEKRRKALYEALKENEKLHKEIEQKDNEIARLKKENKELAEVA,ENPSSQYWKEVAEKRRKALYEALKENEKLHKEIEQKDNEIARLKKENKELAEVAEHVQYMA,False,False,True,0,0,0,0.9838447685537481,0.014911675200668592,0.0012435562455832307,0.24869607107765593,0.7513039289223441
210,3uia,0.8113207547169812,3,LSGIVQQQNNLLRAIEAQQHLLQLTVWGLKQIQARILAVERYL,QARQLLSGIVQQQNNLLRAIEAQQHLLQLTVWGLKQIQARILAVERYLKDQQ,True,False,True,1,1,1,0.15289080944536876,0.8368445090758436,0.01026468147878767,0.9966638022429848,0.0033361977570152577
211,5jvm,0.573170731707317,2,KDTLLREFQEEIARLKAQLEKKGMLVEDLEKERDFYFGKLRNIELIC,LSNEDPKDTLLREFQEEIARLKAQLEKKGMLVEDLEKERDFYFGKLRNIELICQENEGENDPVLQRIVDILYATDEGFV,True,False,True,0,1,0,0.8639237002118779,0.13604001836587126,3.6281422250851424e-05,0.9957987889415751,0.00420121105842477
212,4h7r,0.8064516129032258,4,IKAIAQEIKAIAKEIKAIAWEIKAI,GEIKAIAQEIKAIAKEIKAIAWEIKAIAQGY,False,False,True,2,0,2,3.2936073004127968e-09,0.4512746399111102,0.5487253567952824,0.2380177219629655,0.7619822780370346
213,3h7z,0.6229508196721312,3,LKTANSYTDVTVSNSTKKAIRESNQYTDHKFHQLDNRL,HTLKTANSYTDVTVSNSTKKAIRESNQYTDHKFHQLDNRLDKLDTRLLKLLASSAALNSLL,False,False,True,1,1,1,2.3956959334398656e-05,0.6486404261566743,0.3513356168839913,0.8597914090039038,0.1402085909960962
214,6nv1,0.8260869565217391,4,LAVAASIIGILHLILWILD,DPLAVAASIIGILHLILWILDRL,False,False,True,2,1,2,0.0004256549659659403,0.005427027287078921,0.9941473177469552,0.9997458911010781,0.00025410889892187873
215,5d60,0.9272727272727272,4,QIAALSESLQATQQQLQALQQQCYELEKTNRLLVSEVMTLQKMVKAQNQAS,SQQQIAALSESLQATQQQLQALQQQCYELEKTNRLLVSEVMTLQKMVKAQNQASN,True,False,True,2,1,2,0.09136056018200789,0.19269108926705447,0.7159483505509378,0.9712261314675301,0.028773868532469948
216,2o1k,0.8372093023255814,4,MDRVVKEMRRQLEMIDKLTTREIEQVELLKRIYDKL,IEKQMDRVVKEMRRQLEMIDKLTTREIEQVELLKRIYDKLTVQ,False,False,True,2,1,2,0.049581503323696284,0.04483072229584602,0.9055877743804578,0.7642564929747577,0.23574350702524222
217,2o1j,0.6590909090909091,4,MRRQLEMIDKLTTREIEQVELLKRIYDKL,IETQMDRVVKEMRRQLEMIDKLTTREIEQVELLKRIYDKLTVR,True,False,True,2,1,2,0.0008723205592441349,0.1766039052200336,0.8225237742207223,0.56091814569464,0.43908185430535995
218,6qp4,0.6560509554140127,3,LHALATVVAQNKADIKDLDDEVGLLGEEINSLEGEIFNNQDAIAKNQADIKTLESNVEEGLLDLSGRLLDQKADIDNNINNIYELAQQQDQHSSDIKTLKNNV,TGNGTVSVGKKGKERQIVHVGAGEISDTSTDAVNGSQLHALATVVAQNKADIKDLDDEVGLLGEEINSLEGEIFNNQDAIAKNQADIKTLESNVEEGLLDLSGRLLDQKADIDNNINNIYELAQQQDQHSSDIKTLKNNVEEGLLDLSGRLIDL,True,False,True,1,1,1,0.39756912596398697,0.5153916559245642,0.08703921811144888,0.7196157768065876,0.2803842231934124
219,5k7b,0.9310344827586208,2,LRAELRDLELEEARLVQELEDVDRNNARAAADLQAAQAEAAELDQQERQHYRDYSALKRQQLELLDQLGNVENQLQYARVQ,AALRAELRDLELEEARLVQELEDVDRNNARAAADLQAAQAEAAELDQQERQHYRDYSALKRQQLELLDQLGNVENQLQYARVQRDRL,True,False,False,0,0,0,0.9976735545652884,0.00020897906761811863,0.002117466367093497,0.08216288723191725,0.9178371127680827
220,3k7z,0.5806451612903226,3,LEDKVEELLSKAYHLENE,KQLEDKVEELLSKAYHLENEVARLKKLVG,True,False,False,1,0,1,0.06572134001097128,0.7287514461109927,0.20552721387803588,0.21708998606744484,0.7829100139325552
221,1piq,0.8064516129032256,3,MKQIEDKIEEILSKQYHIENEIARI,RMKQIEDKIEEILSKQYHIENEIARIKKLIG,False,False,True,1,1,1,0.0018711897941613854,0.972526933180484,0.025601877025354526,0.996895385120902,0.0031046148790979666
222,6wsm,0.5675675675675675,2,VKETELELKEKERELHEKFEHLKRVHQEEKRKVEEKRRELEE,SELQRKEEEMRQMFVNKVKETELELKEKERELHEKFEHLKRVHQEEKRKVEEKRRELEEETNAFNRRKAAVEAL,False,False,False,0,1,0,0.9956523302043276,0.003909887892277219,0.00043778190339503466,0.8998901304191487,0.10010986958085144
223,1eq7,0.8214285714285715,3,IDQLSSDVQTLNAKVDQLSNDVNAMRSDVQAAKDDAARANQRLDNM,SSNAKIDQLSSDVQTLNAKVDQLSNDVNAMRSDVQAAKDDAARANQRLDNMATKYR,False,False,True,1,1,1,0.07746443610322004,0.5635945109801405,0.3589410529166396,0.7730953985707884,0.22690460142921162
224,1zvb,0.6470588235294118,3,LSSNFGAISSVLNDILSRLDKV,LNTLVKQLSSNFGAISSVLNDILSRLDKVEAEV,True,False,True,1,1,2,1.9784965846874063e-05,0.15289542235577783,0.8470847926783753,0.6386460723192242,0.3613539276807758
225,2q5u,0.7333333333333333,3,IEDKIEEIESKQKKIENEIARIKKLLQLTVWGI,RMKQIEDKIEEIESKQKKIENEIARIKKLLQLTVWGIKQLQARIL,False,False,True,1,1,1,0.08022374640634593,0.916627604398438,0.0031486491952160607,0.9998887750628482,0.00011122493715178816
226,6q5q,0.71875,4,LEAIAQKLEAIAKKLEAIAWKLE,GKLEAIAQKLEAIAKKLEAIAWKLEAIAQGAG,False,False,False,2,0,2,2.464650267012255e-05,0.0030500303678881345,0.9969253231294417,0.36440383039545676,0.6355961696045431
227,6q5s,0.8,4,LEALAQELEALAKKLKALAWKLKA,GELEALAQELEALAKKLKALAWKLKALAQG,False,False,False,2,0,2,0.0033674225204768453,0.00043172701570655045,0.9962008504638167,5.150936084240173e-07,0.9999994849063916
228,6q5o,0.8,4,LKALAQELKALAKELKALAWELKA,GELKALAQELKALAKELKALAWELKALAKG,False,False,False,2,0,2,0.0024648827853996575,0.0019795101713839178,0.9955556070432164,0.00016867360484634314,0.9998313263951536
229,6mcd,0.8888888888888888,3,WEALEKKLAACESKAQALEKKLQALEKKLEAL,EWEALEKKLAACESKAQALEKKLQALEKKLEALEHG,False,False,True,1,1,1,0.05783587117997363,0.9408444216108371,0.0013197072091892493,0.9370903953926423,0.0629096046073577
230,3u1c,0.8613861386138614,2,MQMLKLDKENALDRAEQAEADKKAAEERSKQLEDDIVQLEKQLRVTEDSRDQVLEELHKSEDSLLFAEENAAKAESEVASLNRRIQL,AGHMDAIKKKMQMLKLDKENALDRAEQAEADKKAAEERSKQLEDDIVQLEKQLRVTEDSRDQVLEELHKSEDSLLFAEENAAKAESEVASLNRRIQLVEEE,False,False,False,0,1,0,0.9963927504692472,0.000440455878982904,0.003166793651769882,0.9863687624757013,0.013631237524298668
231,3u1a,0.8536585365853658,2,KKKMQMLKLDKENALDRAEQAEADKKAAEERSKQLEDDIVQLEKQLRVTEDSRDQVLEELHKSEDSLLF,HMDAIKKKMQMLKLDKENALDRAEQAEADKKAAEERSKQLEDDIVQLEKQLRVTEDSRDQVLEELHKSEDSLLFAEENAAKA,True,True,True,0,0,0,0.9398434803925092,4.35875223670282e-05,0.06011293208512371,0.3838595544560743,0.6161404455439257
232,5fcn,0.7222222222222222,2,REHSDQHVKELKTSLKKCARETADLKFLNNQYAHKLKLL,GSNNELYLELMKLREHSDQHVKELKTSLKKCARETADLKFLNNQYAHKLKLLE,True,False,True,0,0,0,0.9716366924124834,0.00463422386603222,0.023729083721484256,0.44977841830257387,0.5502215816974261
233,1ybk,0.7115384615384616,4,ADDIVYRLTVIIDDRYESLKNLITLRADRLEMIINDN,INETADDIVYRLTVIIDDRYESLKNLITLRADRLEMIINDNVSTILASI,True,False,True,2,1,1,0.0008053526874760013,0.6712139364868295,0.32798071082569447,0.9237433819636198,0.07625661803638022
234,3twe,0.6538461538461539,4,YKELEDLQERLRKLRK,NADELYKELEDLQERLRKLRKKLRS,True,True,False,2,0,0,0.5887198865390463,7.704731477229052e-05,0.4112030661461815,0.01142543663266445,0.9885745633673355
235,5d5y,0.84,4,AALSESLQATQQQLQALQQQCYELEKTNRLLVSEVMTLQKM,SQQQIAALSESLQATQQQLQALQQQCYELEKTNRLLVSEVMTLQKMVKAQ,False,True,True,2,1,2,0.04301435331838253,0.16277902283455253,0.794206623847065,0.9803014510606196,0.019698548939380278
237,3m06,0.5806451612903226,3,LLQRCESLEKKTATFENIVCVLNREVERVAMTAEAC,ELLQRCESLEKKTATFENIVCVLNREVERVAMTAEACSRQHRLDQDKIEALSSKVQQLERSI,False,False,True,1,1,0,0.698486742079064,0.2874281805824505,0.014085077338485583,0.9765245775084088,0.02347542249159129
238,4zqa,0.6046511627906976,2,YQKRMKKLDQQYRERIRNAELFLQLETEQVERNYIKEKKAAVKEFEDKKVEL,SNAGTLQEYQKRMKKLDQQYRERIRNAELFLQLETEQVERNYIKEKKAAVKEFEDKKVELKENLIAELEEKKKMIENEKLTMELTG,False,False,False,0,1,0,0.9408031715525939,0.05918320379622853,1.36246511776803e-05,0.8831337948022515,0.11686620519774849
239,4njl,0.5813953488372093,3,QQVLSENQKLIANKFNQALGAMQTGFTTTNEAFQKVQDAVNNNAQALSKLASELSNTFGAISASIGDIIQRLDVL,ITQQVLSENQKLIANKFNQALGAMQTGFTTTNEAFQKVQDAVNNNAQALSKLASELSNTFGAISASIGDIIQRLDVLEQSGGRGGSIPNFGSLTQINTTLLDLTYEMLSLQQVVKALNESYIDLKELGN,False,False,True,1,1,1,0.2300817900262698,0.7667523381849078,0.0031658717888222248,0.9341258017783982,0.06587419822160186
240,4nj0,0.8620689655172413,2,MKQLEDKIEELLSKNYHLENEVARL,RMKQLEDKIEELLSKNYHLENEVARLKKLV,True,False,True,0,1,0,0.932218717718231,0.0415848322235507,0.026196450058218294,0.9918492691741779,0.008150730825822117
241,4nj2,0.8787878787878788,2,MKQLEDKIEELLSKNYHLENEIARLKKLI,RMKQLEDKIEELLSKNYHLENEIARLKKLIGER,False,False,True,0,1,0,0.5322402695953223,0.3863401707345938,0.08141955967008382,0.947852645879413,0.05214735412058689
242,4nj1,0.8064516129032258,2,MKQLEDKIEELLSKNYHLENEIARL,RMKQLEDKIEELLSKNYHLENEIARLKKLVG,True,False,True,0,1,0,0.9398213648801285,0.03874053227391168,0.021438102845959834,0.978047048198625,0.021952951801375
243,5kb1,0.8888888888888888,3,WEALEKKLAALESKCQALEKKLQALEKKHEAL,EWEALEKKLAALESKCQALEKKLQALEKKHEALEHG,False,False,True,1,1,1,0.005201722958125394,0.9871165139404232,0.007681763101451432,0.9949599193364156,0.005040080663584345
244,4h22,0.8765432098765432,2,YKKAMVSNAQLDNEKTNFMYQVDTLKDMLLELEEQLAESRRQYEEKNKEFEREKHAHSILQFQFAEVKEAL,EEKYKKAMVSNAQLDNEKTNFMYQVDTLKDMLLELEEQLAESRRQYEEKNKEFEREKHAHSILQFQFAEVKEALKQREEML,True,False,True,0,1,0,0.9767214034320928,3.793393729212394e-05,0.023240662630615215,0.9842963650196042,0.01570363498039575
245,1kyc,0.8000000000000002,3,LRRRIEELERRI,EELRRRIEELERRIR,False,False,True,1,0,1,0.0008404713707862336,0.8221303688940971,0.17702915973511657,0.0003992829248702317,0.9996007170751298
246,2zfc,0.9090909090909092,3,LVQQQNNILRALEATQHAVQALVWGVKQLQARVLALERYI,VSGLVQQQNNILRALEATQHAVQALVWGVKQLQARVLALERYIK,False,False,True,1,1,1,0.14553202703651724,0.728960361039724,0.12550761192375887,0.8502144166409895,0.14978558335901054
247,5djn,0.8311688311688312,2,IRELREEVEKLREQLSQAEAMKAELKEKLEESEKLIKELTVTWEEKLRKTEAIAQERQRQLESM,PNAKVIRELREEVEKLREQLSQAEAMKAELKEKLEESEKLIKELTVTWEEKLRKTEAIAQERQRQLESMGISLETSG,True,False,True,0,1,0,0.7328610620794029,0.26696154202850064,0.000177395892096342,0.9998258451664551,0.00017415483354503712
