Unnamed: 0,pdb,cc_cov,chains,cc_sequence,full_sequence_x,full_seq_corr_x,cc_seq_corr_x,parallel_x,prob_dimer_dc2,prob_trimer_dc2,prob_tetramer_dc2,antiparallel_dimer_logicoil,parallel_dimer_logicoil,trimer_logicoil,tetramer_logicoil,Test Sequence length,register,logicoil_seq,seq_length_difference,y_pred_logicoil,y_pred_dc2,y_true,ID,OligoState,parallel,prob_oligo_coconat,y_pred_coconat
0,3e7k,0.8518518518518519,4,TFERVEQMSIQIKEVGDRVNYIKRSLQSLDSQIGHLQDLSALTVDT,SRVTFERVEQMSIQIKEVGDRVNYIKRSLQSLDSQIGHLQDLSALTVDTLKT,True,False,False,0.0002491541901,0.8450972207783675,0.1546536250315323,0.920438924363145,0.873553309412647,2.23920431845178,1.19063919085762,46,defgabcdefgabcdefgabcdefgabcdefgabcdefgabcdefg,TFERVEQMSIQIKEVGDRVNYIKRSLQSLDSQIGHLQDLSALTVDT,0,2,1,2,3e7k,4.0,0.0,0.5364102,2
1,1use,0.55,4,YSDLQRVKQELLEEVKKELQKV,SSDYSDLQRVKQELLEEVKKELQKVKEEIIEAFVQELRKR,False,False,True,0.361855543688598,0.2746366540236157,0.3635078022877862,0.977998128997705,1.11024302219752,0.905966242195693,0.906184361955397,22,abcdefgabcdefgabcdefga,YSDLQRVKQELLEEVKKELQKV,0,0,2,2,1use,4.0,0.0,0.46365437,2
2,6us8,0.8260869565217391,4,LVVAASIIGILHLILWILD,DPLVVAASIIGILHLILWILDRL,True,False,True,0.0005604699870398,0.0085325113789171,0.990907018634043,1.09380181770195,0.722217721231458,1.4414153681723,0.779628800623004,19,gabcdefgabcdefgabcd,LVVAASIIGILHLILWILD,0,2,2,2,6us8,4.0,0.0,0.34797177,2
3,5kht,0.8936170212765957,2,DAIKKKMQMLKLDKENALDRAEQAEADNYHLENEVARLKKL,GMDAIKKKMQMLKLDKENALDRAEQAEADNYHLENEVARLKKLVGER,False,True,True,0.9921290090694488,0.0068649116003449,0.0010060793302062,0.872560163842877,1.28205607399811,1.08025999567084,1.12459155998657,42,abcdefgabcdefgabcdefgabcdefgabcdefgabcdefg,MDAIKKKMQMLKLDKENALDRAEQAEADNYHLENEVARLKKL,1,0,0,0,5kht,2.0,1.0,0.8820839,0
4,5c9n,0.671875,2,CSWEEAQLSSQLYRNKQLQDTLVQKEEELARLHEENNHLRQYL,LPDLCSWEEAQLSSQLYRNKQLQDTLVQKEEELARLHEENNHLRQYLNSALVKCEEEKAKK,True,False,True,0.9931907488529508,0.0006819593827644,0.0061272917642849,0.879932153095608,1.45410031864335,0.795435759764489,0.72997507268112,43,abcdefgabcdefgabcdefgabcdefgabcdefgabcdefga,CSWEEAQLSSQLYRNKQLQDTLVQKEEELARLHEENNHLRQYL,0,0,0,0,5c9n,2.0,1.0,0.95148134,0
5,1c94,0.6756756756756757,2,LKKLRAVENELHYNKSLLEEVKDE,GGREGVLKKLRAVENELHYNKSLLEEVKDELQKMRQL,False,True,True,0.0493948820929707,0.219825770064162,0.7307793478428672,1.01939493498698,1.06487473497144,0.824356612543093,0.761441534547862,25,abcdefgabcdefgabcdefgabcd,VLKKLRAVENELHYNKSLLEEVKDE,1,0,2,0,1c94,2.0,1.0,0.46723396,0
6,3a2a,0.8780487804878049,2,LLRLKQMNVQLAAKIQHLEFSCSEKEQEIERLNKLL,RQLLRLKQMNVQLAAKIQHLEFSCSEKEQEIERLNKLLRQH,False,False,True,0.6145885877994377,0.0105117424715924,0.37489966972897,0.939634843180113,1.21985546631481,0.902432900372365,0.886638381616727,36,abcdefgabcdefgabcdefgabcdefgabcdefga,LLRLKQMNVQLAAKIQHLEFSCSEKEQEIERLNKLL,0,0,0,0,3a2a,2.0,1.0,0.9627989,0
7,7bji,0.8292682926829268,2,YKTENARLVKENNEMHLGLLKLREEKDRISRELKAYIRKLDHETSDLKFLNNQYVQKVRSLEKDSNGK,NVDAILEPYKTENARLVKENNEMHLGLLKLREEKDRISRELKAYIRKLDHETSDLKFLNNQYVQKVRSLEKDSNGKTERI,True,False,True,0.998533892680438,0.0011509182467323,0.0003151890728296,0.965609551339317,1.14528962079743,1.04700305521188,0.802962171545609,68,gabcdefgabcdefgabcdefgabcdefgabcdefgabcdefgabcdefgabcdefgabcdefgabcd,YKTENARLVKENNEMHLGLLKLREEKDRISRELKAYIRKLDHETSDLKFLNNQYVQKVRSLEKDSNGK,0,0,0,0,7bji,2.0,1.0,0.87498957,0
8,3bj4,0.8918918918918919,4,IGARLNRVEDKVTQLDQRLALITDMLHQLLSLH,SNTIGARLNRVEDKVTQLDQRLALITDMLHQLLSLHG,True,False,True,0.0003006970092087,0.7854269600985957,0.2142723428921957,0.972034883197635,0.96671520435832,1.21927415550826,1.18168636895601,33,defgabcdefgabcdefgabcdefgabcdefga,IGARLNRVEDKVTQLDQRLALITDMLHQLLSLH,0,2,1,2,3bj4,4.0,0.0,0.55439985,2
9,4w80,0.59375,4,EDQEKLKTELRKTSDALSKAQNDVMEMKMQSERLSK,ECVLEAENKKLVEDQEKLKTELRKTSDALSKAQNDVMEMKMQSERLSKEYDQLLKEHS,True,True,False,0.313083204028552,0.1077378882328818,0.5791789077385662,1.01714392426401,0.963333751355958,1.11739542428633,0.890950910141988,38,defgabcdefgabcdefgabcdefgabcdefgabcdef,LVEDQEKLKTELRKTSDALSKAQNDVMEMKMQSERLSK,2,2,2,2,4w80,2.0,1.0,0.915429,0
10,3w8v,0.90625,3,VARLEKKVSALEKKVAGLEKEVARLKKLV,RVARLEKKVSALEKKVAGLEKEVARLKKLVGE,False,False,True,0.0036504028309171,0.9963475302297178,2.066939365070809e-06,0.681909903538503,1.72965467808025,0.483556537301705,1.72595819099823,29,abcdefgabcdefgabcdefgabcdefga,VARLEKKVSALEKKVAGLEKEVARLKKLV,0,0,1,1,3w8v,3.0,0.0,0.47313505,1
11,5k9l,0.9101123595505618,2,LRAELRDLELEEARLVQELEDVDRNLARAAADLQAAQAEAAELDQQERQHYRDYSALKRQQLELLDQLGNVENQLQYARVQ,EAAALRAELRDLELEEARLVQELEDVDRNLARAAADLQAAQAEAAELDQQERQHYRDYSALKRQQLELLDQLGNVENQLQYARVQRDRL,True,False,False,0.9991107891583868,2.238784478885326e-05,0.0008668229968241,1.02078349200972,0.978430297839045,0.946230418471029,0.932428848398255,81,defgabcdefgabcdefgabcdefgabcdefgabcdefgabcdefgabcdefgabcdefgabcdefgabcdefgabcdefg,LRAELRDLELEEARLVQELEDVDRNLARAAADLQAAQAEAAELDQQERQHYRDYSALKRQQLELLDQLGNVENQLQYARVQ,0,0,0,0,5k9l,2.0,0.0,0.6819463,0
12,5k92,0.8620689655172414,3,WEALEKKLAALESKCQALEKKLEAL,EWEALEKKLAALESKCQALEKKLEALEHG,False,False,True,0.0036540143647833,0.9932261215429948,0.0031198640922217,0.947128135814751,1.01695351007637,0.856641220137706,1.48183628947053,25,abcdefgabcdefgabcdefgabcd,WEALEKKLAALESKCQALEKKLEAL,0,1,1,1,5k92,3.0,0.0,0.67341125,1
13,6osd,0.7575757575757575,3,VEALEKKVEALEFKVQKLEKKVEAL,EVEALEKKVEALEFKVQKLEKKVEALEHGWDGR,False,False,True,0.0001863859755144,0.9993171289727268,0.0004964850517588,0.734698112025489,1.39528803319947,0.764408846364459,2.1282924909112,25,abcdefgabcdefgabcdefgabcd,VEALEKKVEALEFKVQKLEKKVEAL,0,1,1,1,6osd,3.0,0.0,0.77170247,1
14,1jcd,0.84,3,DQASSDAQTANAKADQASNDANAARSDAQAAKDDAARANQR,NAKADQASSDAQTANAKADQASNDANAARSDAQAAKDDAARANQRADNAA,True,True,True,0.0672892641404561,0.8115387107668045,0.1211720250927392,1.00295082556171,0.838127063888856,1.11948160014434,1.39223918579417,42,abcdefgabcdefgabcdefgabcdefgabcdefgabcdefg,ADQASSDAQTANAKADQASNDANAARSDAQAAKDDAARANQR,1,1,1,1,1jcd,3.0,0.0,0.9603525,1
15,1jcc,0.7200000000000001,3,AQTANAKADQASNDANAARSDAQAAKDDAARANQR,SSNAKIDQLSSDAQTANAKADQASNDANAARSDAQAAKDDAARANQRLDNM,True,True,True,0.0022019480152562,0.9916895187442728,0.0061085332404709,0.998559554953755,0.8324177733854,1.12862821973267,1.43968319662687,36,gabcdefgabcdefgabcdefgabcdefgabcdefg,DAQTANAKADQASNDANAARSDAQAAKDDAARANQR,1,1,1,1,1jcc,3.0,0.0,0.9592465,1
16,1zik,0.8333333333333334,2,MKQLEDKVEELLSKKYHLENEVARL,RMKQLEDKVEELLSKKYHLENEVARLKKLV,False,False,True,0.7380203051880155,0.2547234644907761,0.0072562303212082,0.782270232227803,1.28512217015153,0.613061271221034,2.18047482803578,25,abcdefgabcdefgabcdefgabcd,MKQLEDKVEELLSKKYHLENEVARL,0,1,0,0,1zik,2.0,1.0,0.9741864,0
17,1zil,0.8333333333333334,2,MKQLEDKVEELLSKQYHLENEVARL,RMKQLEDKVEELLSKQYHLENEVARLKKLV,False,False,True,0.7662526634038561,0.2202622867183521,0.0134850498777916,0.785954426619445,1.24380868120861,0.646053109211093,2.25473056271264,25,abcdefgabcdefgabcdefgabcd,MKQLEDKVEELLSKQYHLENEVARL,0,1,0,0,1zil,2.0,1.0,0.5873098,0
18,1zim,0.6875,3,LEDKVEELLSKQYHLENEVARL,RMKQLEDKVEELLSKQYHLENEVARLKKLVGE,False,False,True,0.2968291964476818,0.657726573993372,0.0454442295589462,0.754463588270235,1.25460743837457,0.715331413869713,2.43295935547785,22,defgabcdefgabcdefgabcd,LEDKVEELLSKQYHLENEVARL,0,1,1,1,1zim,2.0,1.0,0.8325872,0
19,4zxq,0.6785714285714285,3,VGAIAGKANEAGQGAYDAQVKNDEQDVELADHEARIKQLRIDVDDHESRITANTKAITALNVRVTTAEGEIASLQTNVSALDGRVTTAENNISAL,MADPSLNNPVVIQATRLDASILPRNVFSKSYLLYVIAQGTDVGAIAGKANEAGQGAYDAQVKNDEQDVELADHEARIKQLRIDVDDHESRITANTKAITALNVRVTTAEGEIASLQTNVSALDGRVTTAENNISALQADY,False,False,True,0.085552508306859,0.9144405277162224,6.9639769185257644e-06,0.894731102131171,0.945478501666991,1.06016490801233,1.99321969078056,95,abcdefgabcdefgabcdefgabcdefgabcdefgabcdefgabcdefgabcdefgabcdefgabcdefgabcdefgabcdefgabcdefgabcd,VGAIAGKANEAGQGAYDAQVKNDEQDVELADHEARIKQLRIDVDDHESRITANTKAITALNVRVTTAEGEIASLQTNVSALDGRVTTAENNISAL,0,1,1,1,4zxq,3.0,0.0,0.9939049,1
20,6u47,0.7575757575757575,3,VEALEKKVEALEAKVQKLEKKVEAL,EVEALEKKVEALEAKVQKLEKKVEALEHGWDGR,False,False,True,7.973127875302652e-05,0.9990080709038104,0.0009121978174366,0.729835664451214,1.40457001361673,0.748592658566303,2.15061816261062,25,abcdefgabcdefgabcdefgabcd,VEALEKKVEALEAKVQKLEKKVEAL,0,1,1,1,6u47,3.0,0.0,0.75384265,1
21,1kfn,0.8867924528301887,3,SNAKIDQLSSDVQTLNAKVDQASNDANAARSDAQAAKDDAARANQRL,SSNAKIDQLSSDVQTLNAKVDQASNDANAARSDAQAAKDDAARANQRLDNMAT,False,False,True,2.4088838880802128e-05,0.9981753832577134,0.0018005279034059,0.922615445050441,0.96909101495145,1.06555065499434,1.68717043537545,47,defgabcdefgabcdefgabcdefgabcdefgabcdefgabcdefga,SNAKIDQLSSDVQTLNAKVDQASNDANAARSDAQAAKDDAARANQRL,0,1,1,1,1kfn,3.0,0.0,0.95007765,1
22,1kfm,0.86,3,IDQLSSDVQTLNAKVDQLSNDVNAARSDAQAAKDDAARANQRL,SNAKIDQLSSDVQTLNAKVDQLSNDVNAARSDAQAAKDDAARANQRLDNM,False,False,True,0.0002674124399402,0.9950602976169536,0.0046722899431062,0.885426234239321,1.00263734785965,1.04335013973751,1.90525412554306,43,abcdefgabcdefgabcdefgabcdefgabcdefgabcdefga,IDQLSSDVQTLNAKVDQLSNDVNAARSDAQAAKDDAARANQRL,0,1,1,1,1kfm,3.0,0.0,0.9409476,1
23,6snz,0.8625,2,IKAAYEAELGDARKTLDSVAKERARLQLELSKVREEFKELKARNTKKEGDLIAAQARLKDLEALLNSKEAALSTALSEKRTLEGELHDLRGQVAKLEAALGEAKKQLQDEMLRRVDAENRLQTMKEELDFQKNIYSEE,GSESEEVVSREVSGIKAAYEAELGDARKTLDSVAKERARLQLELSKVREEFKELKARNTKKEGDLIAAQARLKDLEALLNSKEAALSTALSEKRTLEGELHDLRGQVAKLEAALGEAKKQLQDEMLRRVDAENRLQTMKEELDFQKNIYSEELRE,True,False,True,0.8891585784696303,0.110595044740007,0.0002463767903624,0.974924273452013,1.04704555477237,1.00568329827647,1.05753486590151,138,gabcdefgabcdefgabcdefgabcdefgabcdefgabcdefgabcdefgabcdefgabcdefgabcdefgabcdefgabcdefgabcdefgabcdefgabcdefgabcdefgabcdefgabcdefgabcdefgabcd,IKAAYEAELGDARKTLDSVAKERARLQLELSKVREEFKELKARNTKKEGDLIAAQARLKDLEALLNSKEAALSTALSEKRTLEGELHDLRGQVAKLEAALGEAKKQLQDEMLRRVDAENRLQTMKEELDFQKNIYSEE,0,1,0,0,6snz,2.0,1.0,0.88404745,0
24,2akf,0.8125,3,LEEDVRNLNAIVQKLQERLDRLEETV,VSRLEEDVRNLNAIVQKLQERLDRLEETVQAK,False,False,True,0.1539258630337093,0.3949714891427033,0.4511026478235874,0.858497117687359,1.15855382572059,0.917449328777026,1.73320420898792,26,defgabcdefgabcdefgabcdefga,LEEDVRNLNAIVQKLQERLDRLEETV,0,1,2,1,2akf,3.0,0.0,0.67650837,1
25,2o7h,0.7878787878787877,3,LEDKVEELLSKNYHLENRVARLEKLV,MKQLEDKVEELLSKNYHLENRVARLEKLVG,True,False,True,0.4292948961383389,0.5139688171378417,0.0567362867238194,0.656145447530854,1.65943145705696,0.910615782010271,1.86016157866283,26,defgabcdefgabcdefgabcdefga,LEDKVEELLSKNYHLENRVARLEKLV,0,1,1,1,2o7h,2.0,1.0,0.5020833,0
26,3q8t,0.925531914893617,2,SEQLQRELKELALEEERLIQELEDVEKNRKVVAENLEKVQAEAERLDQEEAQYQREYSEFKRQQLELDDELKSVENQMRYAQMQLDK,GSDSEQLQRELKELALEEERLIQELEDVEKNRKVVAENLEKVQAEAERLDQEEAQYQREYSEFKRQQLELDDELKSVENQMRYAQMQLDKLKK,True,False,False,0.9981900427534196,0.0014035641028261,0.0004063931437542,0.983246122409557,1.10162369891682,0.835426078451225,0.938159702227666,87,abcdefgabcdefgabcdefgabcdefgabcdefgabcdefgabcdefgabcdefgabcdefgabcdefgabcdefgabcdefgabc,SEQLQRELKELALEEERLIQELEDVEKNRKVVAENLEKVQAEAERLDQEEAQYQREYSEFKRQQLELDDELKSVENQMRYAQMQLDK,0,0,0,0,3q8t,2.0,1.0,0.56419253,0
27,3hro,0.7837837837837838,3,FQVLVRRVDRMEHSIGSIVSKIDAVIVKL,VSYEEFQVLVRRVDRMEHSIGSIVSKIDAVIVKLEIM,False,False,True,0.0003041096693233,0.8994827367428588,0.1002131535878177,0.930806160572121,0.918560310372086,1.14763621144971,1.71889605951588,29,abcdefgabcdefgabcdefgabcdefga,FQVLVRRVDRMEHSIGSIVSKIDAVIVKL,0,1,1,1,3hro,4.0,0.0,0.6075665,2
28,3hrn,0.5714285714285714,3,FQVLVRRVDRMEHSIGSIVSKIDAVIVKLEIMERAK,GVSYEEFQVLVRRVDRMEHSIGSIVSKIDAVIVKLEIMERAKLKRREVLGRLLDGVAEDERLG,False,False,True,0.222879009866882,0.5785362654290509,0.198584724704067,0.942044638664177,0.956884348751774,1.03841173947606,1.58353870501051,36,abcdefgabcdefgabcdefgabcdefgabcdefga,FQVLVRRVDRMEHSIGSIVSKIDAVIVKLEIMERAK,0,1,1,1,3hrn,4.0,0.0,0.55534476,2
29,3gjp,0.7142857142857143,3,MKQLEDKVEELLSKNYHLENEIARI,GSRMKQLEDKVEELLSKNYHLENEIARIKKLVGE,True,False,True,0.1964737046495494,0.8022767387784177,0.0012495565720329,0.751197397226748,1.43427156804932,0.64994713111667,1.9512011474496,25,abcdefgabcdefgabcdefgabcd,MKQLEDKVEELLSKNYHLENEIARI,0,1,1,1,3gjp,2.0,1.0,0.93729496,0
30,5vr2,0.86,2,LEAAYNNLLRDKSALEEEKRQLEQENEDLARRLESSSEEVTRL,RDLEAAYNNLLRDKSALEEEKRQLEQENEDLARRLESSSEEVTRLRRGQC,False,False,True,0.6382272474817283,0.3615991445462448,0.0001736079720269,0.869881323655804,1.34385272693556,1.03983456453912,0.984054691667229,43,defgabcdefgabcdefgabcdefgabcdefgabcdefgabcd,LEAAYNNLLRDKSALEEEKRQLEQENEDLARRLESSSEEVTRL,0,0,0,0,5vr2,2.0,1.0,0.9333832,0
31,2r2v,0.6666666666666666,4,ADKLEEVASKLYHNANELARVA,KLKQVADKLEEVASKLYHNANELARVAKLLGE,True,False,False,0.0018509342315122,0.2788688175874301,0.7192802481810576,0.925444801399601,0.926770960802801,0.920742684956562,1.89410684292524,22,efgabcdefgabcdefgabcde,ADKLEEVASKLYHNANELARVA,0,1,2,2,2r2v,4.0,0.0,0.66501886,2
32,6r2f,0.78125,2,KEINLMLSTYAKLLSERAAVDASYIDEIDELFKEANAIENALIQK,EKDLNDVSKEINLMLSTYAKLLSERAAVDASYIDEIDELFKEANAIENALIQKREELRQRFTAI,False,True,False,0.2646331540727675,0.033149679669039,0.7022171662581934,1.08179174581648,0.871211483525059,0.914413913772423,0.782530386192549,50,fgabcdefgabcdefgabcdefgabcdefgabcdefgabcdefgabcdef,KEINLMLSTYAKLLSERAAVDASYIDEIDELFKEANAIENALIQKREELR,5,0,2,0,6r2f,2.0,0.0,0.4269882,0
33,2wpz,0.935483870967742,3,MKQLEDKVEENLSKVYHNENEVARLKKLV,RMKQLEDKVEENLSKVYHNENEVARLKKLVG,True,False,True,0.2054237922339898,0.7943619167051579,0.0002142910608522,0.781719044560243,1.27773304066926,0.793524756065318,2.08340871493932,29,abcdefgabcdefgabcdefgabcdefga,MKQLEDKVEENLSKVYHNENEVARLKKLV,0,1,1,1,2wpz,3.0,0.0,0.64562654,1
34,2wpy,0.90625,3,MKQLEDKVEELLSKVYHNENEVARLKKLV,RMKQLEDKVEELLSKVYHNENEVARLKKLVGE,False,False,True,0.0057790935714594,0.9935028927497556,0.000718013678785,0.740192207831165,1.32810199325375,0.666969520773564,2.35727901456374,29,abcdefgabcdefgabcdefgabcdefga,MKQLEDKVEELLSKVYHNENEVARLKKLV,0,1,1,1,2wpy,3.0,0.0,0.44462362,1
35,2wpq,0.9292929292929294,3,IEDKIEEILSKIYHIENEIARIKKLIFDTNEKVDQNTADITTNTNSINQNTTDIATNTTNINNLSDSMKQIEDKIEEILSKIYHIENEIARI,MKQIEDKIEEILSKIYHIENEIARIKKLIFDTNEKVDQNTADITTNTNSINQNTTDIATNTTNINNLSDSMKQIEDKIEEILSKIYHIENEIARIKKLI,False,False,True,0.0002269115895393,0.9996003856995525,0.0001727027109083,0.779052413943493,0.742461771281877,0.905231988400104,3.67803877182528,92,defgabcdefgabcdefgabcdefgabcdefgabcdefgabcdefgabcdefgabcdefgabcdefgabcdefgabcdefgabcdefgabcd,IEDKIEEILSKIYHIENEIARIKKLIFDTNEKVDQNTADITTNTNSINQNTTDIATNTTNINNLSDSMKQIEDKIEEILSKIYHIENEIARI,0,1,1,1,2wpq,3.0,0.0,0.95419407,1
36,1no4,0.5194805194805194,2,LRVNYGSFVSEYNDLTKSHEKLAAEKDDLIVSNSKLFRQI,PLKPEEHEDILNKLLDPELAQSERTEALQQLRVNYGSFVSEYNDLTKSHEKLAAEKDDLIVSNSKLFRQIGLTEK,True,False,True,0.8499292251422315,0.1493951564417274,0.0006756184160411,0.946482117217684,1.2313757163816,0.849357908493637,0.831341451975056,40,defgabcdefgabcdefgabcdefgabcdefgabcdefga,LRVNYGSFVSEYNDLTKSHEKLAAEKDDLIVSNSKLFRQI,0,0,0,0,1no4,2.0,1.0,0.9209939,0
37,6ytu,0.7058823529411765,2,IANLERWVKREMHVWREVFYRLER,QETIANLERWVKREMHVWREVFYRLERWADRLE,True,False,False,0.0125304638398703,0.1954281437114599,0.7920413924486697,1.07131978960683,0.890611109396095,0.970672828056891,0.770181383433392,24,defgabcdefgabcdefgabcdef,IANLERWVKREMHVWREVFYRLER,0,0,2,0,6ytu,4.0,0.0,0.3129613,2
38,1w5l,0.875,4,MKQIEDKLEEILSKGYHICNELARIKKL,RMKQIEDKLEEILSKGYHICNELARIKKLLGE,True,False,True,0.0028304519485339,0.0861345630179789,0.911034985033487,0.843588234258242,0.841728573545126,2.09557828338038,2.02040270405399,28,abcdefgabcdefgabcdefgabcdefg,MKQIEDKLEEILSKGYHICNELARIKKL,0,2,2,2,1w5l,4.0,0.0,0.9319892,2
39,1w5k,0.7272727272727273,4,IEDRLEEILSKLHHICNELARIRR,RMRQIEDRLEEILSKLHHICNELARIRRLLGER,False,False,False,0.0049322765257927,0.0002915172345163,0.994776206239691,0.863514886041999,0.715074196744292,2.08037676645044,2.25716739137243,24,defgabcdefgabcdefgabcdef,IEDRLEEILSKLHHICNELARIRR,0,1,2,2,1w5k,4.0,0.0,0.89669675,2
40,1w5i,0.875,4,MKQIEDKLEEILSKLYHIENELARIKKL,RMKQIEDKLEEILSKLYHIENELARIKKLLGE,True,False,True,0.005591877662895,0.0012128628212165,0.9931952595158886,0.8216407591382,0.85723543445332,1.93622356227841,2.26312859068157,28,abcdefgabcdefgabcdefgabcdefg,MKQIEDKLEEILSKLYHIENELARIKKL,0,1,2,2,1w5i,4.0,0.0,0.84126574,2
41,1w5j,0.7272727272727273,4,IEDRLEEILSKLYHICNELARIRR,RMRQIEDRLEEILSKLYHICNELARIRRLLGER,False,False,False,0.0038490408969951,0.0007341684104046,0.9954167906926004,0.857873487736728,0.726733826022042,2.06305094326353,2.2796187016084,24,defgabcdefgabcdefgabcdef,IEDRLEEILSKLYHICNELARIRR,0,1,2,2,1w5j,4.0,0.0,0.8651537,2
42,1w5h,0.7741935483870968,4,IEDKLEEILSKLHHICNELARIKK,MKQIEDKLEEILSKLHHICNELARIKKLLGE,False,False,False,0.0067054394138119,0.0001230730310609,0.9931714875551272,0.817528331041743,0.756903806154623,2.36892945591763,2.30797594792188,24,defgabcdefgabcdefgabcdef,IEDKLEEILSKLHHICNELARIKK,0,2,2,2,1w5h,4.0,0.0,0.89078426,2
43,6c52,0.68,4,LEELRRKLQEAEHKAR,SKLEELRRKLQEAEHKARELQEKWG,False,True,False,0.0001794637319134,0.9476034662975816,0.0522170699705051,0.975677603074216,1.04008810929675,1.08494430323212,1.01814797814149,17,gabcdefgabcdefgab,KLEELRRKLQEAEHKAR,1,2,1,2,6c52,2.0,1.0,0.72870266,0
44,4j4a,0.5555555555555556,3,IKLRIMEIEARIAKI,LELIKLRIMEIEARIAKIEKDRAIL,True,False,True,0.158753748307698,0.1978057060877822,0.6434405456045198,1.00213029425549,0.713508003673497,1.1867231219517,1.73671766414553,15,defgabcdefgabcd,IKLRIMEIEARIAKI,0,1,2,1,4j4a,4.0,0.0,0.33949447,2
45,5d3a,0.8414634146341463,2,MEADMNRLLKQREELTKRREKLSKRREKIVKENGEGDKNVANINEEMESLTANIDYINDSISDCQA,GSMTISNMEADMNRLLKQREELTKRREKLSKRREKIVKENGEGDKNVANINEEMESLTANIDYINDSISDCQANIMQMEEAK,False,True,False,0.8961338952036003,0.0992226422810764,0.0046434625153231,1.00794984999487,0.948372501398445,1.1670625570027,0.978522127642083,69,abcdefgabcdefgabcdefgabcdefgabcdefgabcdefgabcdefgabcdefgabcdefgabcdef,ISNMEADMNRLLKQREELTKRREKLSKRREKIVKENGEGDKNVANINEEMESLTANIDYINDSISDCQA,3,2,0,0,5d3a,2.0,0.0,0.96492684,0
46,4pxj,0.8035714285714286,2,LNVVKNDLIAKVDQLSGEQEVLRGELEAAKQAKVKLENRIKELEE,PEFTKNALNVVKNDLIAKVDQLSGEQEVLRGELEAAKQAKVKLENRIKELEEELKR,True,False,False,0.9683806119441668,0.0187859592898935,0.0128334287659396,0.914912570759136,1.31576383951746,0.774174717848928,0.882985194288149,45,defgabcdefgabcdefgabcdefgabcdefgabcdefgabcdef,LNVVKNDLIAKVDQLSGEQEVLRGELEAAKQAKVKLENRIKELEE,0,0,0,0,4pxj,2.0,1.0,0.93209034,0
47,5et3,0.8,4,AESALEYAQQALEKAQLALQAARQ,AEAESALEYAQQALEKAQLALQAARQALKA,False,False,False,0.5018123560117946,0.0073055581484336,0.4908820858397718,1.04650114313408,0.89064438514006,0.991554464215774,0.960013269183106,24,defgabcdefgabcdefgabcdef,AESALEYAQQALEKAQLALQAARQ,0,0,0,2,5et3,2.0,0.0,0.36895144,0
48,1hqj,0.8000000000000002,3,LERRIRELEARI,DELERRIRELEARIK,False,False,True,0.0002964310968893,0.9635764322828452,0.0361271366202654,0.0,0.0,0.0,0.0,0,defgabcdefga,LERRIRELEARI,0,1,1,1,1hqj,2.0,1.0,0.55207735,0
49,2wq1,0.90625,3,MKQLEDKIEENTSKIYHNTNEIARNTKLV,RMKQLEDKIEENTSKIYHNTNEIARNTKLVGE,False,False,True,0.0001029317783713,0.9705471472543196,0.0293499209673091,0.779732332010157,0.83239859290493,0.578206650133928,3.62065073639535,29,abcdefgabcdefgabcdefgabcdefga,MKQLEDKIEENTSKIYHNTNEIARNTKLV,0,1,1,1,2wq1,3.0,0.0,0.82546306,1
50,2wq0,0.8387096774193549,3,LEDKIEENTSKIYHNTNEIARNTKLV,MKQLEDKIEENTSKIYHNTNEIARNTKLVGE,False,False,True,7.818168506885612e-06,0.9743109628555384,0.0256812189759546,0.752368304028985,0.79406560801032,0.62899831649001,3.92906588877546,26,defgabcdefgabcdefgabcdefga,LEDKIEENTSKIYHNTNEIARNTKLV,0,1,1,1,2wq0,3.0,0.0,0.7593909,1
51,4hlr,0.7096774193548386,3,LQLTVWGLKQIQARILAVERYL,QQHLLQLTVWGLKQIQARILAVERYLKDQQL,False,False,True,0.0683309748952961,0.9214097561536924,0.0102592689510113,1.06861119349812,0.621728207373251,0.991567557878412,1.60675666685728,22,abcdefgabcdefgabcdefga,LQLTVWGLKQIQARILAVERYL,0,1,1,1,4hlr,3.0,0.0,0.55662274,1
52,1wt6,0.8769230769230769,3,LRELQEALEEEVLTRQSLSREMEAIRTDNQNFASQLREAEARNRDLEAHVRQLQERM,EVTLRELQEALEEEVLTRQSLSREMEAIRTDNQNFASQLREAEARNRDLEAHVRQLQERMELL,True,False,True,0.9965003176319452,0.0018129344805609,0.0016867478874939,0.95300218495376,1.07508829750266,0.830571277122433,1.27227714577574,57,abcdefgabcdefgabcdefgabcdefgabcdefgabcdefgabcdefgabcdefga,LRELQEALEEEVLTRQSLSREMEAIRTDNQNFASQLREAEARNRDLEAHVRQLQERM,0,1,0,1,1wt6,2.0,1.0,0.9183061,0
53,4ypc,0.7228915662650602,3,RDNLAEDIMRLREKLQEEMLQREEAENTLQSFRQDVDNASLARLDLERKVESLQEEIAFL,VDQLTNDKARVEVERDNLAEDIMRLREKLQEEMLQREEAENTLQSFRQDVDNASLARLDLERKVESLQEEIAFLKKLHEEEIQ,False,False,True,0.9756467110436348,0.0092183960045129,0.0151348929518523,0.972714089707549,1.04021976479139,1.03932464054513,1.07358152928089,60,abcdefgabcdefgabcdefgabcdefgabcdefgabcdefgabcdefgabcdefgabcd,RDNLAEDIMRLREKLQEEMLQREEAENTLQSFRQDVDNASLARLDLERKVESLQEEIAFL,0,1,0,1,4ypc,2.0,1.0,0.92574584,0
54,6mjh,0.56,4,NIIGILHLILWILD,SSDPLVVAANIIGILHLILWILDRL,False,False,True,0.0012050729258709,0.1193367406241885,0.8794581864499404,1.08512427686095,0.709081586175079,1.6014471310284,0.781258601447742,14,efgabcdefgabcd,NIIGILHLILWILD,0,2,2,2,6mjh,2.0,0.0,0.31289965,0
55,4dme,0.8787878787878788,3,MKQLEDKVEELLSKNYHLENEVARLKKLV,RMKQLEDKVEELLSKNYHLENEVARLKKLVGER,False,False,True,0.584181511804973,0.4152501474315062,0.0005683407635207,0.69518386901563,1.56692932632542,0.567082956200521,2.06061697670289,29,abcdefgabcdefgabcdefgabcdefga,MKQLEDKVEELLSKNYHLENEVARLKKLV,0,1,0,1,4dme,2.0,1.0,0.91933346,0
56,6wb3,0.5666666666666667,2,IREKDEELRRMQEMLHK,ETEKLIREKDEELRRMQEMLHKIQKQMKEN,False,False,False,0.9814067057241544,0.0009745007857614,0.0176187934900839,1.07581360062672,0.878602788817909,0.967212603085783,0.772578420413958,17,defgabcdefgabcdef,IREKDEELRRMQEMLHK,0,0,0,0,6wb3,4.0,0.0,0.47865385,2
57,6lvn,0.6470588235294118,4,VVNIQKEIDRLNEVAKNLNESL,SGINASVVNIQKEIDRLNEVAKNLNESLIDLQE,True,False,False,7.523780364006015e-06,0.8610195413937862,0.1389729348258497,0.974763407877726,0.943846734727619,1.26534617705133,1.19794880310072,22,efgabcdefgabcdefgabcde,VVNIQKEIDRLNEVAKNLNESL,0,2,1,2,6lvn,4.0,0.0,0.6008546,2
58,6gap,0.6330275229357798,3,LESRVSALEKTSQIHSDTILRITQGLDDANKRIIALEQSRDDLVASVSDAQLAISRLESSIGALQTVVNGLDSSVTQLGARVGQLETGLAELRVDHDNLVARVDTAERNIGSLTTELSTLTLRVTSIQADFESRISTL,GLESRVSALEKTSQIHSDTILRITQGLDDANKRIIALEQSRDDLVASVSDAQLAISRLESSIGALQTVVNGLDSSVTQLGARVGQLETGLAELRVDHDNLVARVDTAERNIGSLTTELSTLTLRVTSIQADFESRISTLERTAVTSAGAPLSIRNNRMTMGLNDGLTLSGNNLAIRLPGNTGLNIQNGGLQFRFNTDQFQIVNNNLTLKTTVF,True,False,True,0.0056683735496704,0.9928735958328078,0.0014580306175218,0.914944937426033,1.05161196877764,1.2389586309125,1.37648265379604,138,defgabcdefgabcdefgabcdefgabcdefgabcdefgabcdefgabcdefgabcdefgabcdefgabcdefgabcdefgabcdefgabcdefgabcdefgabcdefgabcdefgabcdefgabcdefgabcdefga,LESRVSALEKTSQIHSDTILRITQGLDDANKRIIALEQSRDDLVASVSDAQLAISRLESSIGALQTVVNGLDSSVTQLGARVGQLETGLAELRVDHDNLVARVDTAERNIGSLTTELSTLTLRVTSIQADFESRISTL,0,1,1,1,6gap,3.0,0.0,0.98252535,1
59,6gao,0.6502242152466368,3,IKKQVQVNVDDIRAANIKLDGLGRQIADISNSISTIESRLGEMDNRLVGISSQVTQLSNSVSQNTQSISSLGDRINAVEPRVDSLDTVTSNLTGRTSTLEADVGSLRTELAALTTRVTTEVTRLDGLINSGQNSIGELSTRLSNV,MEEIKKQVQVNVDDIRAANIKLDGLGRQIADISNSISTIESRLGEMDNRLVGISSQVTQLSNSVSQNTQSISSLGDRINAVEPRVDSLDTVTSNLTGRTSTLEADVGSLRTELAALTTRVTTEVTRLDGLINSGQNSIGELSTRLSNVETSMVTTAGRGLQKNGNTLNVIVGNGMWFNSSNQLQLDLSGQSKGVGFVGTGMVVKIDTNYFAYNSNGEITLV,True,False,True,9.210519835668463e-05,0.9988443279483242,0.0010635668533189,0.954080574027087,0.924174129846174,1.16976055657346,1.49473355411592,145,defgabcdefgabcdefgabcdefgabcdefgabcdefgabcdefgabcdefgabcdefgabcdefgabcdefgabcdefgabcdefgabcdefgabcdefgabcdefgabcdefgabcdefgabcdefgabcdefgabcdefga,IKKQVQVNVDDIRAANIKLDGLGRQIADISNSISTIESRLGEMDNRLVGISSQVTQLSNSVSQNTQSISSLGDRINAVEPRVDSLDTVTSNLTGRTSTLEADVGSLRTELAALTTRVTTEVTRLDGLINSGQNSIGELSTRLSNV,0,1,1,1,6gao,3.0,0.0,0.9709462,1
60,6gaj,0.9,3,IKKQVQVNVDDIRAANIKLDGLGRQIADISNSISTIESRLGEMDNRLVGISSQVTQLSNSVSQNTQSISSLGDRINAVEPRVDSLDTVTSNLTGRTSTLEADVGSLRTELAALTTRV,EEIKKQVQVNVDDIRAANIKLDGLGRQIADISNSISTIESRLGEMDNRLVGISSQVTQLSNSVSQNTQSISSLGDRINAVEPRVDSLDTVTSNLTGRTSTLEADVGSLRTELAALTTRVTTEVTRLDGLI,True,False,True,2.2209111072034715e-05,0.9986603371031444,0.0013174537857836,0.938382118500552,0.940724249781281,1.10845177898057,1.61522352786953,117,defgabcdefgabcdefgabcdefgabcdefgabcdefgabcdefgabcdefgabcdefgabcdefgabcdefgabcdefgabcdefgabcdefgabcdefgabcdefgabcdefga,IKKQVQVNVDDIRAANIKLDGLGRQIADISNSISTIESRLGEMDNRLVGISSQVTQLSNSVSQNTQSISSLGDRINAVEPRVDSLDTVTSNLTGRTSTLEADVGSLRTELAALTTRV,0,1,1,1,6gaj,3.0,0.0,0.9780587,1
61,1ij2,0.8333333333333334,3,MKQLEDKVEELLSKTYHLENEVARL,RMKQLEDKVEELLSKTYHLENEVARLKKLV,True,False,True,0.5727866789827075,0.4160150161224217,0.0111983048948706,0.773511664881611,1.26655688744343,0.66087307833924,2.27684667733913,25,abcdefgabcdefgabcdefgabcd,MKQLEDKVEELLSKTYHLENEVARL,0,1,0,1,1ij2,2.0,1.0,0.79541826,0
62,1ij0,0.935483870967742,3,MKQLEDKVEESLSKVYHLENEVARLKKLV,RMKQLEDKVEESLSKVYHLENEVARLKKLVG,False,False,True,0.0026754143865351,0.996561011633876,0.0007635739795888,0.727066985235291,1.3942849653251,0.65948426900359,2.26652390908062,29,abcdefgabcdefgabcdefgabcdefga,MKQLEDKVEESLSKVYHLENEVARLKKLV,0,1,1,1,1ij0,2.0,1.0,0.71992415,0
63,1ij1,0.935483870967742,3,MKQLEDKVEETLSKVYHLENEVARLKKLV,RMKQLEDKVEETLSKVYHLENEVARLKKLVG,False,False,True,0.000441434782014,0.9978389377823168,0.0017196274356691,0.727870261480777,1.39282894478663,0.670806250739895,2.25659487975129,29,abcdefgabcdefgabcdefgabcdefga,MKQLEDKVEETLSKVYHLENEVARLKKLV,0,1,1,1,1ij1,3.0,0.0,0.36894447,1
64,1ij3,0.78125,3,MKQLEDKVEELLSKSYHLENEVARL,RMKQLEDKVEELLSKSYHLENEVARLKKLVG,True,False,True,0.0454409972705888,0.9494864844193586,0.0050725183100525,0.781671001610188,1.24279121932125,0.686674404744888,2.26513428413492,25,abcdefgabcdefgabcdefgabcd,MKQLEDKVEELLSKSYHLENEVARL,0,1,1,1,1ij3,2.0,1.0,0.8769165,0
65,1gcl,0.5806451612903226,4,LEEILSKLYHIENELARI,RMKQIEDKLEEILSKLYHIENELARIKKLLG,False,False,True,0.0203115574720813,0.0002926091894104,0.9793958333385084,0.781106225523668,0.761852412380976,2.0169420077704,2.83517165767026,18,abcdefgabcdefgabcd,LEEILSKLYHIENELARI,0,1,2,2,1gcl,4.0,0.0,0.8523167,2
66,1gcm,0.8064516129032256,3,MKQIEDKIEEILSKIYHIENEIARI,RMKQIEDKIEEILSKIYHIENEIARIKKLIG,True,False,True,0.0003913818467358,0.8576764023261875,0.1419322158270766,0.909527027875308,0.779910171637336,0.755758919092493,2.59147601121186,25,abcdefgabcdefgabcdefgabcd,MKQIEDKIEEILSKIYHIENEIARI,0,1,1,1,1gcm,4.0,0.0,0.74693173,2
67,5wll,0.6153846153846154,4,LRKILEDDARHVAELE,IEELLRKILEDDARHVAELEDIEKWL,False,False,False,1.4616948968678596e-08,0.0268208292885169,0.973179156094534,0.992091809569728,0.834356994162492,1.62352143376216,1.14587037393368,16,abcdefgabcdefgab,LRKILEDDARHVAELE,0,2,2,2,5wll,4.0,0.0,0.7262471,2
68,5wlk,0.6153846153846154,4,LRKIIEDEVRHIAELE,IEELLRKIIEDEVRHIAELEDIEKWL,False,False,False,2.9781259905745668e-08,0.0051338248029887,0.9948661454157512,1.06371387530822,0.837059463767496,1.22805881960228,0.820449092204763,16,abcdefgabcdefgab,LRKIIEDEVRHIAELE,0,2,2,2,5wlk,4.0,0.0,0.71848583,2
69,5wlj,0.6538461538461539,4,LRKILEDEARHVAELE,IEELLRKILEDEARHVAELEDIEKWL,False,True,False,4.938671696462031e-06,0.0066233831349379,0.9933716781933656,0.986351450185487,0.85536366586042,1.66074421036698,1.10273426435889,17,abcdefgabcdefgabc,LRKILEDEARHVAELED,1,2,2,2,5wlj,4.0,0.0,0.7113142,2
70,5wlm,0.6153846153846154,4,LRKIIEDDVRHIAELE,IEELLRKIIEDDVRHIAELEDIEKWL,False,False,False,9.265078523733371e-10,0.0058133893320511,0.994186609741441,1.06507797053603,0.83428057915886,1.17295432811793,0.855761511088928,16,abcdefgabcdefgab,LRKIIEDDVRHIAELE,0,2,2,2,5wlm,4.0,0.0,0.7026244,2
71,3pp5,0.746031746031746,3,IEDMSINIQKIVEFLNKFELSTRNKLSDLNEKLTILDRQVDYLEATF,TKTNIQKDWEQREFIEDMSINIQKIVEFLNKFELSTRNKLSDLNEKLTILDRQVDYLEATFKT,False,False,True,0.2844452138898982,0.7079304934916706,0.0076242926184312,0.967069861576546,1.0666105228253,1.11571645016414,0.986065082803544,47,defgabcdefgabcdefgabcdefgabcdefgabcdefgabcdefga,IEDMSINIQKIVEFLNKFELSTRNKLSDLNEKLTILDRQVDYLEATF,0,2,1,1,3pp5,3.0,0.0,0.5171093,1
72,2ovc,0.8333333333333334,4,EISMMGRVVKVEKQVQSIEHKLDLL,DEISMMGRVVKVEKQVQSIEHKLDLLLGFY,False,False,True,2.336420473180112e-05,0.4127221505354031,0.5872544852598651,0.993118099963607,0.876778311618784,1.67109958467657,0.973890677133038,25,abcdefgabcdefgabcdefgabcd,EISMMGRVVKVEKQVQSIEHKLDLL,0,2,2,2,2ovc,3.0,0.0,0.6480256,1
73,6ovs,0.7575757575757575,3,VEALEKKVEALEYKVQKLEKKVEAL,EVEALEKKVEALEYKVQKLEKKVEALEHGWDGR,False,False,True,6.908836203797859e-05,0.9987524973507526,0.0011784142872093,0.741759062167915,1.38573493648438,0.737578487638154,2.1180949018189,25,abcdefgabcdefgabcdefgabcd,VEALEKKVEALEYKVQKLEKKVEAL,0,1,1,1,6ovs,3.0,0.0,0.7646109,1
74,1coi,0.8620689655172414,3,VEALEKKVAALESKVQALEKKVEAL,EVEALEKKVAALESKVQALEKKVEALEHG,False,False,True,0.0022997811125092,0.9795480972908056,0.018152121596685,0.691520696417471,1.38501333866702,0.571926518520754,2.64808817103269,25,abcdefgabcdefgabcdefgabcd,VEALEKKVAALESKVQALEKKVEAL,0,1,1,1,1coi,3.0,0.0,0.7203963,1
75,1cos,0.8620689655172414,3,WEALEKKLAALESKLQALEKKLEAL,EWEALEKKLAALESKLQALEKKLEALEHG,False,False,False,0.0014510552053686,0.6190264974095643,0.379522447385067,0.94052090928023,1.01753683243382,0.790388454801735,1.58009616311287,25,abcdefgabcdefgabcdefgabcd,WEALEKKLAALESKLQALEKKLEAL,0,1,1,1,1cos,3.0,0.0,0.70601517,1
76,6fue,0.8421052631578947,3,IETLKQELLELKQRYEAQQKALAVLEQRVRQV,DVDIETLKQELLELKQRYEAQQKALAVLEQRVRQVEDQ,False,False,True,0.1917897418612436,0.2695968951502965,0.5386133629884599,0.912753618716425,1.20000369729832,1.04032693371468,1.07408947001368,32,abcdefgabcdefgabcdefgabcdefgabcd,IETLKQELLELKQRYEAQQKALAVLEQRVRQV,0,0,2,1,6fue,4.0,0.0,0.4330391,2
77,1s9z,0.6875,3,IRELEARIREL,SIRELEARIRELELRI,False,False,True,0.0411329122071288,0.6750913635583149,0.2837757242345561,0.0,0.0,0.0,0.0,0,abcdefgabcd,IRELEARIREL,0,1,1,1,1s9z,2.0,1.0,0.8108384,0
78,4nr2,0.6274509803921569,2,LQKRLLALDPMMEQEIEEIRQKYQSKRQPILD,EFLKSWTVEDLQKRLLALDPMMEQEIEEIRQKYQSKRQPILDAIEAK,True,False,False,0.9330910267570685,0.0463264262521479,0.0205825469907835,1.06428808214134,0.907672144131832,1.01205092123467,0.746972928629841,32,gabcdefgabcdefgabcdefgabcdefgabc,LQKRLLALDPMMEQEIEEIRQKYQSKRQPILD,0,0,0,0,4nr2,4.0,0.0,0.31241208,2
79,4r0r,0.8958333333333334,3,IKKEIEAIKKEQEAIKKKIEAIEKELRQLANETTQALQLFLRA,YGIKKEIEAIKKEQEAIKKKIEAIEKELRQLANETTQALQLFLRATTE,False,False,True,0.0378185800858139,0.6608946325228716,0.3012867873913145,1.00108350904527,0.869416646140803,1.32596478878121,1.1688706304638,43,defgabcdefgabcdefgabcdefgabcdefgabcdefgabcd,IKKEIEAIKKEQEAIKKKIEAIEKELRQLANETTQALQLFLRA,0,2,1,1,4r0r,4.0,0.0,0.57216877,2
80,1pl5,0.76,2,LDEKEKQLAVANEIIRSLSDEVMRNEIRITSLQGDLTFTKKCLENARSQISEKDAKI,SFVDIVLSKAASALDEKEKQLAVANEIIRSLSDEVMRNEIRITSLQGDLTFTKKCLENARSQISEKDAKINKLME,True,False,True,0.6292755331281396,0.2923390437470262,0.0783854231248342,0.896691785637947,1.19988403585868,0.819779789657138,1.35869421537425,57,abcdefgabcdefgabcdefgabcdefgabcdefgabcdefgabcdefgabcdefga,LDEKEKQLAVANEIIRSLSDEVMRNEIRITSLQGDLTFTKKCLENARSQISEKDAKI,0,1,0,0,1pl5,2.0,1.0,0.9329241,0
81,6l5h,0.9146341463414634,2,VNALTSELRDLRAQREEAAAAHAQEVRRLQEQARDLGKQRDSCLREAEELRTQLRLLEDARDGLRRELLEAQRKL,ESTVNALTSELRDLRAQREEAAAAHAQEVRRLQEQARDLGKQRDSCLREAEELRTQLRLLEDARDGLRRELLEAQRKLRES,False,False,True,0.9972619340142432,0.001264130665307,0.0014739353204498,1.02850773330977,0.982593625841756,0.910132720677704,0.880884662173901,75,defgabcdefgabcdefgabcdefgabcdefgabcdefgabcdefgabcdefgabcdefgabcdefgabcdefga,VNALTSELRDLRAQREEAAAAHAQEVRRLQEQARDLGKQRDSCLREAEELRTQLRLLEDARDGLRRELLEAQRKL,0,0,0,0,6l5h,2.0,1.0,0.8844963,0
82,2ba2,0.7066358024691358,3,FKEFQTVVMESFAVQNQNIDAQGEQIKELQVEQKAQGKTLQLILEALQGINKRLDNL,TRYVTHKQLDEKLKNFVTKTEFKEFQTVVMESFAVQNQNIDAQGEQIKELQVEQKAQGKTLQLILEALQGINKRLDNLES,True,False,True,0.381411576858802,0.4925894183911695,0.1259990047500284,0.992714827408672,0.788304225669742,1.51411468655727,1.35807624052413,57,defgabcdefgabcdefgabcdefgabcdefgabcdefgabcdefgabcdefgabcd,FKEFQTVVMESFAVQNQNIDAQGEQIKELQVEQKAQGKTLQLILEALQGINKRLDNL,0,2,1,1,2ba2,3.0,0.0,0.6458452,1
83,3bat,0.922077922077922,2,MKEQLKQMDKMKEDLAKTERIKKELEEQNVTLLEQKNDLFGSMKQLEDKVEELLSKNYHLENEVARLKKLV,EEEMKEQLKQMDKMKEDLAKTERIKKELEEQNVTLLEQKNDLFGSMKQLEDKVEELLSKNYHLENEVARLKKLVGE,True,False,True,0.9833804429706158,0.0165291754027827,9.038162660150388e-05,0.81929918721137,1.44056708535275,0.728608349159854,1.31691863254108,71,abcdefgabcdefgabcdefgabcdefgabcdefgabcdefgabcdefgabcdefgabcdefgabcdefga,MKEQLKQMDKMKEDLAKTERIKKELEEQNVTLLEQKNDLFGSMKQLEDKVEELLSKNYHLENEVARLKKLV,0,0,0,0,3bat,2.0,1.0,0.94318104,0
84,3bas,0.9375,2,QEEEMKEQLKQMDKMKEDLAKTERIKKELEEQNVTLLEQKNDLFGSMKQLEDKVEELLSKNYHLENEVARLKKLV,ARQEEEMKEQLKQMDKMKEDLAKTERIKKELEEQNVTLLEQKNDLFGSMKQLEDKVEELLSKNYHLENEVARLKKLVGE,True,False,True,0.986209842587794,0.0137665008968536,2.3656515352492704e-05,0.827825110238974,1.41237540265483,0.763606563105374,1.30949030473245,75,defgabcdefgabcdefgabcdefgabcdefgabcdefgabcdefgabcdefgabcdefgabcdefgabcdefga,QEEEMKEQLKQMDKMKEDLAKTERIKKELEEQNVTLLEQKNDLFGSMKQLEDKVEELLSKNYHLENEVARLKKLV,0,0,0,0,3bas,2.0,1.0,0.91765785,0
85,4rfx,0.92,2,LTERNLDLEEKVRELRETVGDLEAMNEMNDELQENARETELELREQLDLAAARVREAEKRVEAAQETVADYQQTIKKYRELTAHLQDVNREL,ETLTERNLDLEEKVRELRETVGDLEAMNEMNDELQENARETELELREQLDLAAARVREAEKRVEAAQETVADYQQTIKKYRELTAHLQDVNRELMSQQ,True,False,True,0.6840583997755965,0.3159379320446459,3.668179757778736e-06,0.887734058437908,1.28362466880788,1.2161182703684,0.901199645851328,92,defgabcdefgabcdefgabcdefgabcdefgabcdefgabcdefgabcdefgabcdefgabcdefgabcdefgabcdefgabcdefgabcd,LTERNLDLEEKVRELRETVGDLEAMNEMNDELQENARETELELREQLDLAAARVREAEKRVEAAQETVADYQQTIKKYRELTAHLQDVNREL,0,0,0,0,4rfx,2.0,1.0,0.9069689,0
86,4w7z,0.59375,4,EDQEKLKTELRKTSDALSKAQNDVMEMKMQSERLSK,ECVLEAENKKLVEDQEKLKTELRKTSDALSKAQNDVMEMKMQSERLSKEYDQLLKEHSE,True,True,False,0.3906272878617177,0.0761396884927925,0.5332330236454897,1.00882787698857,1.01514373917016,1.05159710212149,0.845089187032088,38,efgabcdefgabcdefgabcdefgabcdefgabcdefg,VEDQEKLKTELRKTSDALSKAQNDVMEMKMQSERLSKE,2,2,2,2,4w7z,2.0,1.0,0.90603733,0
87,6mi3,0.9590163934426228,2,VKELEDKNEELLSEIAHLKNEVARLKKLLQRCLAANQELRDAIRQSNQILRERAEELLHFQASQREEKEFLMSKFQEARKLVERLGLEKLELEDKNEELLSEIAHLKNEVARLKKLV,SWSVKELEDKNEELLSEIAHLKNEVARLKKLLQRCLAANQELRDAIRQSNQILRERAEELLHFQASQREEKEFLMSKFQEARKLVERLGLEKLELEDKNEELLSEIAHLKNEVARLKKLVGE,True,False,True,0.9979425560792792,0.0003359692648771,0.0017214746558437,0.930062600582835,1.19880474886987,0.887759980691886,1.04043385061349,117,defgabcdefgabcdefgabcdefgabcdefgabcdefgabcdefgabcdefgabcdefgabcdefgabcdefgabcdefgabcdefgabcdefgabcdefgabcdefgabcdefga,VKELEDKNEELLSEIAHLKNEVARLKKLLQRCLAANQELRDAIRQSNQILRERAEELLHFQASQREEKEFLMSKFQEARKLVERLGLEKLELEDKNEELLSEIAHLKNEVARLKKLV,0,0,0,0,6mi3,2.0,1.0,0.83111703,0
88,6q1w,0.7575757575757575,3,VEALEKKVEALEVKVQKLEKKVEAL,EVEALEKKVEALEVKVQKLEKKVEALEHGWDGR,False,False,True,6.62976803018472e-05,0.9995698424271496,0.0003638598925487,0.730253732190862,1.40100629927731,0.754696707767437,2.15395245396057,25,abcdefgabcdefgabcdefgabcd,VEALEKKVEALEVKVQKLEKKVEAL,0,1,1,1,6q1w,3.0,0.0,0.7826562,1
89,5oiy,0.6153846153846154,4,IEARLESIEEKLSMIL,LSIEARLESIEEKLSMILGLLRTL,True,False,True,0.2749125217271168,5.538342020079235e-06,0.7250819399308631,0.88026998530963,0.820836662136803,2.49144594484329,1.50996291674066,16,defgabcdefgabcde,IEARLESIEEKLSMIL,0,2,2,2,5oiy,4.0,0.0,0.71156263,2
90,5oi7,0.8409090909090909,2,YDSLQKIVEKQQQKMDQLRSQVQSLEQEVAQEEGTSQALREEAQRRDSALQQLRTAVKELSVQNQDLIEKNLTL,GESWQKRYDSLQKIVEKQQQKMDQLRSQVQSLEQEVAQEEGTSQALREEAQRRDSALQQLRTAVKELSVQNQDLIEKNLTLQEHLRQA,False,False,True,0.9851529781907612,0.0021456246141277,0.0127013971951109,0.90053214333094,1.25354842285159,0.851906337808839,1.13954600698941,74,abcdefgabcdefgabcdefgabcdefgabcdefgabcdefgabcdefgabcdefgabcdefgabcdefgabcd,YDSLQKIVEKQQQKMDQLRSQVQSLEQEVAQEEGTSQALREEAQRRDSALQQLRTAVKELSVQNQDLIEKNLTL,0,0,0,0,5oi7,2.0,1.0,0.95025015,0
91,4qkw,0.8712871287128713,3,LERVSTIIDGVQASQQRMEERQQQLEGSVSAVQSELLKLARDHGATATTVDKLLQKARRVSTHVKEVRSRVEKQNVRVKKVETTQDEL,SALSILSLLERVSTIIDGVQASQQRMEERQQQLEGSVSAVQSELLKLARDHGATATTVDKLLQKARRVSTHVKEVRSRVEKQNVRVKKVETTQDELL,True,False,True,0.0033023781131014,0.5740190123196272,0.4226786095672713,1.00639074548813,0.911569111268281,1.30757166158485,1.00794332375661,88,abcdefgabcdefgabcdefgabcdefgabcdefgabcdefgabcdefgabcdefgabcdefgabcdefgabcdefgabcdefgabcd,LERVSTIIDGVQASQQRMEERQQQLEGSVSAVQSELLKLARDHGATATTVDKLLQKARRVSTHVKEVRSRVEKQNVRVKKVETTQDEL,0,2,1,1,4qkw,3.0,0.0,0.8186483,1
92,2q6q,0.8548387096774194,2,NKELNFKLREKQNEIFELKKIAETLRSKLEKYVDITKKLEDQNLNLQIKISDL,QQNKELNFKLREKQNEIFELKKIAETLRSKLEKYVDITKKLEDQNLNLQIKISDLEKKLSDA,True,False,True,0.8238758699478348,0.1760702454375642,5.38846146010188e-05,0.80789691050525,1.51043971744702,0.992580739245705,1.01351721383822,53,abcdefgabcdefgabcdefgabcdefgabcdefgabcdefgabcdefgabcd,NKELNFKLREKQNEIFELKKIAETLRSKLEKYVDITKKLEDQNLNLQIKISDL,0,0,0,0,2q6q,2.0,1.0,0.96673876,0
93,3r4a,0.6785714285714286,4,IKQELAAIKKELAAIKWEL,GELAAIKQELAAIKKELAAIKWELAAIK,True,False,True,0.0026465474855173,0.4772948332730126,0.5200586192414699,0.89273124122946,0.661458839249087,3.08883373456198,1.48683899016659,19,defgabcdefgabcdefga,IKQELAAIKKELAAIKWEL,0,2,2,2,3r4a,4.0,0.0,0.57797116,2
94,4r4l,0.6808510638297872,2,LMLKEERIKELEKRLSEKEEEIQELKRKLHKC,SELEEDFAKILMLKEERIKELEKRLSEKEEEIQELKRKLHKCQSVLP,False,False,True,0.9613161147523108,0.0025088521327817,0.0361750331149073,0.882691202111795,1.39970595808111,0.782811095539893,0.883600777817749,32,abcdefgabcdefgabcdefgabcdefgabcd,LMLKEERIKELEKRLSEKEEEIQELKRKLHKC,0,0,0,0,4r4l,2.0,1.0,0.937351,0
95,4r4m,0.6808510638297872,2,LMLKEERIKELEKRLSEKEEEIQELKRKLHKL,SELEEDFAKILMLKEERIKELEKRLSEKEEEIQELKRKLHKLQSVLP,False,False,True,0.9966645117389,0.0007314411778554,0.0026040470832444,0.885005692723217,1.38571012854601,0.802343882446119,0.894218071545946,32,abcdefgabcdefgabcdefgabcdefgabcd,LMLKEERIKELEKRLSEKEEEIQELKRKLHKL,0,0,0,0,4r4m,2.0,1.0,0.9296986,0
96,4jnu,0.575,4,REIKQHLKQQQEGLSHLISIIK,SYYIDADLLREIKQHLKQQQEGLSHLISIIKDDLEDIKLV,False,True,False,0.0570521111380692,0.1471628326666308,0.7957850561952998,1.03202376725328,0.708521190321548,1.78074542642277,1.09657637510188,23,bcdefgabcdefgabcdefgabc,REIKQHLKQQQEGLSHLISIIKD,1,2,2,2,4jnu,4.0,0.0,0.78765696,2
97,5h1x,0.6041666666666666,3,NGEKITSLHREVEKVKLDQKRLDQELDFI,NAWDRTLIENGEKITSLHREVEKVKLDQKRLDQELDFILSQQKELED,True,False,True,0.93781891896878,0.060955235860295,0.0012258451709248,0.957074152816545,0.987068242822234,1.04945335951659,1.3591697301508,29,defgabcdefgabcdefgabcdefgabcd,NGEKITSLHREVEKVKLDQKRLDQELDFI,0,1,0,1,5h1x,3.0,0.0,0.6244645,1
98,3a7o,0.6779661016949152,2,LLNTLAILQKELKSKEQEIRRLKEVIALKNKNTERLNDEL,DDALLNTLAILQKELKSKEQEIRRLKEVIALKNKNTERLNDELISGTIENNVLQ,True,False,True,0.654735813368662,0.1671806818760459,0.1780835047552919,0.868962054228717,1.3960085207079,0.883063550157601,0.93893024579551,40,defgabcdefgabcdefgabcdefgabcdefgabcdefga,LLNTLAILQKELKSKEQEIRRLKEVIALKNKNTERLNDEL,0,0,0,0,3a7o,2.0,1.0,0.9593217,0
99,1x8y,0.8783783783783784,2,KEAKLRDLEDSLARERDTSRRLLAEKEREMAEMRARMQQQLDEYQELLDIKLALDMEIHAYRKLL,LAAKEAKLRDLEDSLARERDTSRRLLAEKEREMAEMRARMQQQLDEYQELLDIKLALDMEIHAYRKLLEGEEER,False,False,True,0.9852422029580684,0.0010720380383252,0.0136857590036062,1.00496379408845,1.06636896463541,1.04886415899628,0.720912573695781,65,gabcdefgabcdefgabcdefgabcdefgabcdefgabcdefgabcdefgabcdefgabcdefga,KEAKLRDLEDSLARERDTSRRLLAEKEREMAEMRARMQQQLDEYQELLDIKLALDMEIHAYRKLL,0,0,0,0,1x8y,2.0,1.0,0.80072135,0
100,6eb9,0.6435643564356436,4,LETLCEESVLMGVINSIKLINLDMRLNHIEEQVKKIINKLESIDRVLAKTNTALSTIEGHLVSMM,DKYIMPSDDFSNTFFPHDTDRLNYHADHLGDYDLETLCEESVLMGVINSIKLINLDMRLNHIEEQVKKIINKLESIDRVLAKTNTALSTIEGHLVSMMIMI,False,False,True,0.0957700583934624,0.3027967880005023,0.6014331536060351,0.970663433233369,0.918849139794854,1.48742346689741,1.15568648300405,65,defgabcdefgabcdefgabcdefgabcdefgabcdefgabcdefgabcdefgabcdefgabcde,LETLCEESVLMGVINSIKLINLDMRLNHIEEQVKKIINKLESIDRVLAKTNTALSTIEGHLVSMM,0,2,2,2,6eb9,4.0,0.0,0.57848173,2
101,3tq2,0.9142857142857144,3,VSALKEKVSALKEQFLMLMFKVSALKEKVSAL,KVSALKEKVSALKEQFLMLMFKVSALKEKVSALKE,False,False,True,0.0104086250397386,0.6815225371822186,0.3080688377780428,0.774793639268769,1.43198486943218,0.743267858931149,1.69966887386431,32,abcdefgabcdefgabcdefgabcdefgabcd,VSALKEKVSALKEQFLMLMFKVSALKEKVSAL,0,1,1,1,3tq2,2.0,1.0,0.67760813,0
102,6otn,0.8115942028985508,2,QQQADDAEERAERLQREVEGERRAREQAEAEVASLNRRIQLVEEELDRAQERLAT,RKIQVLQQQADDAEERAERLQREVEGERRAREQAEAEVASLNRRIQLVEEELDRAQERLATAL,True,True,True,0.5861117125397923,0.4138155875669747,7.269989323300144e-05,0.952428881035332,1.09495101055283,0.873447102590251,1.18623133261672,56,defgabcdefgabcdefgabcdefgabcdefgabcdefgabcdefgabcdefgabc,LQQQADDAEERAERLQREVEGERRAREQAEAEVASLNRRIQLVEEELDRAQERLAT,1,1,0,0,6otn,2.0,1.0,0.82333785,0
103,2gus,0.8571428571428571,4,FNAKFDQFSNDMNAFRSDFQAFKDDFARFNQRFDNF,FQTFNAKFDQFSNDMNAFRSDFQAFKDDFARFNQRFDNFATK,False,False,True,0.1049568564000014,0.8950274658257656,1.5677774233018916e-05,1.04194727345681,0.877496560190727,0.928755163808582,1.08130653741788,36,defgabcdefgabcdefgabcdefgabcdefgabcd,FNAKFDQFSNDMNAFRSDFQAFKDDFARFNQRFDNF,0,1,1,2,2gus,3.0,0.0,0.78591484,1
104,5kkv,0.8125,3,IEDKIEEILSKIYHIENEIARIKKLI,GMKQIEDKIEEILSKIYHIENEIARIKKLIGE,False,False,True,0.0001693593217869,0.5830611270307965,0.4167695136474166,0.880699910648875,0.751427158179564,0.925758833299805,2.79942044102407,26,defgabcdefgabcdefgabcdefga,IEDKIEEILSKIYHIENEIARIKKLI,0,1,1,1,5kkv,4.0,0.0,0.8349084,2
105,5to5,0.8085106382978723,2,LEKFLADQQSEIDGLKGRHEKFKVESEQQYMEIEKRLSHSQERLVNETRECQSLRLELEKLNNQLKALTEKNKELEIAQDRNIAIQSQMTRTKEELEAEKRDLIRTNERLSQEL,AVLQQVLERTELNKLPKSVQNKLEKFLADQQSEIDGLKGRHEKFKVESEQQYMEIEKRLSHSQERLVNETRECQSLRLELEKLNNQLKALTEKNKELEIAQDRNIAIQSQMTRTKEELEAEKRDLIRTNERLSQELEYLT,True,False,True,0.9994362778167868,5.482034704318359e-05,0.00050890183617,0.965723775193151,1.20627365591775,0.922337721408363,0.699993787231017,114,gabcdefgabcdefgabcdefgabcdefgabcdefgabcdefgabcdefgabcdefgabcdefgabcdefgabcdefgabcdefgabcdefgabcdefgabcdefgabcdefga,LEKFLADQQSEIDGLKGRHEKFKVESEQQYMEIEKRLSHSQERLVNETRECQSLRLELEKLNNQLKALTEKNKELEIAQDRNIAIQSQMTRTKEELEAEKRDLIRTNERLSQEL,0,0,0,0,5to5,2.0,1.0,0.9114678,0
106,6aoz,0.8648648648648649,2,YNDLQVEYGKAQLQMKELMKKFKEIQAQNFSLINENQSLKKNISALIKTARVEINRKDEEISNL,ATYNDLQVEYGKAQLQMKELMKKFKEIQAQNFSLINENQSLKKNISALIKTARVEINRKDEEISNLHL,True,False,True,0.9951386171216642,9.750079688401014e-05,0.0047638820814518,0.926353199687225,1.249221027516,0.872184589588103,0.926327991008528,64,abcdefgabcdefgabcdefgabcdefgabcdefgabcdefgabcdefgabcdefgabcdefga,YNDLQVEYGKAQLQMKELMKKFKEIQAQNFSLINENQSLKKNISALIKTARVEINRKDEEISNL,0,0,0,0,6aoz,2.0,1.0,0.80100435,0
107,3vmx,0.75,2,ILRLKQINIQLATKIQHLEFSCSEKEQEIERLNKLL,GSERQILRLKQINIQLATKIQHLEFSCSEKEQEIERLNKLLKQNGLLG,False,False,True,0.97974520800236,0.0124266620732385,0.0078281299244013,0.934078614416335,1.17157391177515,1.22155068987972,0.861243505314469,36,abcdefgabcdefgabcdefgabcdefgabcdefga,ILRLKQINIQLATKIQHLEFSCSEKEQEIERLNKLL,0,2,0,0,3vmx,2.0,1.0,0.9633248,0
108,4l0n,0.6274509803921569,2,LQMRLKALDPMMEREIEELRQRYTAKRQPILD,SMDFDFLKNLSLEELQMRLKALDPMMEREIEELRQRYTAKRQPILDAMDAK,False,False,False,0.938411079967955,4.5618772086157055e-05,0.0615433012599587,1.07437083220047,0.869528562841851,1.07998791357483,0.734696974263938,32,cbagfedcbagfedcbagfedcbagfedcbag,DLIPQRKATYRQRLEEIEREMMPDLAKLRMQL,0,2,0,0,4l0n,2.0,1.0,0.3792695,0
109,4n21,0.6097560975609756,3,FQGNMKQIEDKIEEILSKIYHIENEIARIKKLIGAIASKIIKTANYTTNALFLLNKEESEIRDHVVEHELALNYL,ENLYFQGNMKQIEDKIEEILSKIYHIENEIARIKKLIGAIASKIIKTANYTTNALFLLNKEESEIRDHVVEHELALNYLLAHQGGLCNVVKGPMCSSDIDDFSKNVSDMIDKVHEEMKKFYHE,True,False,True,0.232247904152004,0.5108825811700265,0.2568695146779694,0.973589733752913,0.822959280719652,0.848430630351797,1.86751842161025,75,defgabcdefgabcdefgabcdefgabcdefgabcdefgabcdefgabcdefgabcdefgabcdefgabcdefga,FQGNMKQIEDKIEEILSKIYHIENEIARIKKLIGAIASKIIKTANYTTNALFLLNKEESEIRDHVVEHELALNYL,0,1,1,1,4n21,4.0,0.0,0.6061373,2
110,1nyh,0.8421052631578947,2,LSKAASALDEKEKQLAVANEIIRSLSDEVMRNEIRITSLQGDLTFTKKCLENARSQISEKDAKI,LSFVDIVLSKAASALDEKEKQLAVANEIIRSLSDEVMRNEIRITSLQGDLTFTKKCLENARSQISEKDAKINKLME,False,False,True,0.6466515608462322,0.2542874363606015,0.0990610027931662,0.914516573761894,1.16155132959878,0.83798447791159,1.31753855275839,64,abcdefgabcdefgabcdefgabcdefgabcdefgabcdefgabcdefgabcdefgabcdefga,LSKAASALDEKEKQLAVANEIIRSLSDEVMRNEIRITSLQGDLTFTKKCLENARSQISEKDAKI,0,1,0,0,1nyh,2.0,1.0,0.92184615,0
111,2qdq,0.7352941176470589,2,IIAAQEEMLRKERELEEARKKLAQI,GIAQIIAAQEEMLRKERELEEARKKLAQIRQQQ,True,False,False,0.5303602538291444,0.4693353002663628,0.0003044459044927,1.0442653108109,0.870515402249923,1.13375624262355,0.942449941916009,25,abcdefgabcdefgabcdefgabcd,IIAAQEEMLRKERELEEARKKLAQI,0,2,0,0,2qdq,2.0,1.0,0.5972556,0
112,1kql,0.7090909090909091,2,VEELLSKNYHLENEVARLKKLVDDLEDELYAQKLKYKAI,MDKVEELLSKNYHLENEVARLKKLVDDLEDELYAQKLKYKAISEELDHALNDMT,True,False,True,0.991936414160356,0.0021921862162968,0.0058713996233471,0.799092582646252,1.38440940488687,0.726724994071251,1.65764671368912,39,abcdefgabcdefgabcdefgabcdefgabcdefgabcd,VEELLSKNYHLENEVARLKKLVDDLEDELYAQKLKYKAI,0,1,0,0,1kql,2.0,1.0,0.94906294,0
113,2qih,0.9705882352941176,3,RIATAELGIAENKKDAQIAKAQANENKDGIAKNQADIQLHDKKITNLGILHSMVARAVGNNTQGVATNKADIAKNQADIANNIKNIYELAQQQDQHSSDIKTLAKVSAANTDRIAKNKAEADASFETLTKNQ,NTDRIATAELGIAENKKDAQIAKAQANENKDGIAKNQADIQLHDKKITNLGILHSMVARAVGNNTQGVATNKADIAKNQADIANNIKNIYELAQQQDQHSSDIKTLAKVSAANTDRIAKNKAEADASFETLTKNQK,False,False,True,0.4182238939290765,0.5816029119754991,0.0001731940954242,0.935931230472204,0.95291493347984,0.943516185976235,1.71150508318056,132,gabcdefgabcdefgabcdefgabcdefgabcdefgabcdefgabcdefgabcdefgabcdefgabcdefgabcdefgabcdefgabcdefgabcdefgabcdefgabcdefgabcdefgabcdefgabcde,RIATAELGIAENKKDAQIAKAQANENKDGIAKNQADIQLHDKKITNLGILHSMVARAVGNNTQGVATNKADIAKNQADIANNIKNIYELAQQQDQHSSDIKTLAKVSAANTDRIAKNKAEADASFETLTKNQ,0,1,1,1,2qih,3.0,0.0,0.9754505,1
114,4jzl,0.8548387096774194,2,EVKLEEENRSLKADLQKLKDELASTKQKLEKAENQVLAMRKQSEGLTKEYDRL,AEVKLEEENRSLKADLQKLKDELASTKQKLEKAENQVLAMRKQSEGLTKEYDRLLEEHAKL,True,False,True,0.9256862444777448,0.0030739858422675,0.0712397696799878,0.917090723909176,1.26653270437328,1.10955152255588,0.785635644488592,53,abcdefgabcdefgabcdefgabcdefgabcdefgabcdefgabcdefgabcd,EVKLEEENRSLKADLQKLKDELASTKQKLEKAENQVLAMRKQSEGLTKEYDRL,0,0,0,0,4jzl,2.0,1.0,0.92381704,0
115,5y2h,0.8478260869565217,4,IEKQMDRVVKEMRRQLEMIDKLTTREIEQVELLKRIHDK,DEIEKQMDRVVKEMRRQLEMIDKLTTREIEQVELLKRIHDKLVVQ,True,False,False,0.0238513323931362,0.0174393843122814,0.9587092832945824,1.01686428658337,1.03226720361818,1.03861390130934,0.735102160431236,39,gabcdefgabcdefgabcdefgabcdefgabcdefgabc,IEKQMDRVVKEMRRQLEMIDKLTTREIEQVELLKRIHDK,0,2,2,2,5y2h,4.0,0.0,0.60240906,2
116,5y2e,0.8636363636363636,4,EKQMDRVVKEMRRQLEMIDKLTTRGIEQVELLKRIHD,MIEKQMDRVVKEMRRQLEMIDKLTTRGIEQVELLKRIHDKLMIR,True,True,False,0.0766104005126666,0.1169217575870203,0.8064678419003132,1.00318389206887,1.07845147049461,1.00931898088612,0.725583529740091,38,abcdefgabcdefgabcdefgabcdefgabcdefgabc,EKQMDRVVKEMRRQLEMIDKLTTRGIEQVELLKRIHDK,1,0,2,2,5y2e,4.0,0.0,0.6948572,2
117,6wko,0.5777777777777777,3,IQILKSSINIAIEKLNDRISHDEQAIRDLTLEIENARSEALLGELGIIRALL,NDIQILKSSINIAIEKLNDRISHDEQAIRDLTLEIENARSEALLGELGIIRALLVGNISIGLQESLWELASEITNRAGDLAVEVSPGSWI,False,False,True,0.0924207134184657,0.2180950057088131,0.6894842808727211,1.02117114880753,0.93164585110401,1.01849366290296,1.02361917873139,52,defgabcdefgabcdefgabcdefgabcdefgabcdefgabcdefgabcdef,IQILKSSINIAIEKLNDRISHDEQAIRDLTLEIENARSEALLGELGIIRALL,0,1,2,1,6wko,2.0,0.0,0.4684287,0
118,7o39,0.5098039215686274,2,VANFLEQLSTEIERLKEDKKQLEKVI,FTPNEIKNKEFSRVKNGLEPTEVANFLEQLSTEIERLKEDKKQLEKVIEER,False,False,True,0.0675690351231235,0.8248570814474748,0.1075738834294016,0.951332465423865,1.25598110485144,0.808892606950799,0.74346665958344,26,defgabcdefgabcdefgabcdefga,VANFLEQLSTEIERLKEDKKQLEKVI,0,0,1,0,7o39,2.0,1.0,0.792579,0
119,3u59,0.89,2,IKKKMQMLKLDKENAIDRAEQAEADKKQAEDRCKQLEEEQQGLQKKLKGTEDEVEKYSESVKEAQEKLEQAEKKATDAEAEVASLNRRI,ASMEAIKKKMQMLKLDKENAIDRAEQAEADKKQAEDRCKQLEEEQQGLQKKLKGTEDEVEKYSESVKEAQEKLEQAEKKATDAEAEVASLNRRIQLVEEE,True,False,True,0.8925973924983275,0.1068221710220556,0.0005804364796167,0.949578030811179,1.15932956345889,1.01473224432992,0.913917206816642,89,defgabcdefgabcdefgabcdefgabcdefgabcdefgabcdefgabcdefgabcdefgabcdefgabcdefgabcdefgabcdefga,IKKKMQMLKLDKENAIDRAEQAEADKKQAEDRCKQLEEEQQGLQKKLKGTEDEVEKYSESVKEAQEKLEQAEKKATDAEAEVASLNRRI,0,0,0,0,3u59,2.0,1.0,0.8159313,0
120,4u5t,0.7837837837837838,2,LEIRAAFLEKENTALRTEVAELRKEVGRC,DPDLEIRAAFLEKENTALRTEVAELRKEVGRCKNIVS,False,False,True,0.1087121948065557,0.4762964347649031,0.4149913704285412,0.777299889442894,1.76576295917066,0.496707048251491,0.820287972859933,29,defgabcdefgabcdefgabcdefgabcd,LEIRAAFLEKENTALRTEVAELRKEVGRC,0,0,1,0,4u5t,2.0,1.0,0.7287426,0
121,2xzr,0.9537037037037036,3,IEDKIEEILSKIYHIENEIARIKKLIGAIDGRVTRNTQSIEKNSKAIAANTRTLQQHSARLDSQQRQINENHKEMKQIEDKIEEILSKIYHIENEIARIKKLI,KQIEDKIEEILSKIYHIENEIARIKKLIGAIDGRVTRNTQSIEKNSKAIAANTRTLQQHSARLDSQQRQINENHKEMKQIEDKIEEILSKIYHIENEIARIKKLIKLH,False,False,True,0.2963825952252657,0.7022669369180502,0.001350467856684,0.917019474443343,0.802791664260616,1.02303913603767,2.27506205578878,103,defgabcdefgabcdefgabcdefgabcdefgabcdefgabcdefgabcdefgabcdefgabcdefgabcdefgabcdefgabcdefgabcdefgabcdefga,IEDKIEEILSKIYHIENEIARIKKLIGAIDGRVTRNTQSIEKNSKAIAANTRTLQQHSARLDSQQRQINENHKEMKQIEDKIEEILSKIYHIENEIARIKKLI,0,1,1,1,2xzr,3.0,0.0,0.920982,1
122,3v86,0.925925925925926,3,VYQLKDEVGELKGEVRALKDEVKDL,YVYQLKDEVGELKGEVRALKDEVKDLK,False,False,True,0.0171583951941489,0.6983893715064673,0.2844522332993836,0.74438886471286,1.61135531038455,0.694098076636943,1.43106636056426,25,abcdefgabcdefgabcdefgabcd,VYQLKDEVGELKGEVRALKDEVKDL,0,0,1,1,3v86,3.0,0.0,0.82834554,1
123,1d7m,0.9801980198019802,2,MANRLAGLENSLESEKVSREQLIKQKDQLNSLLASLESEGAEREKRLRELEAKLDETLKNLELEKLARMELEARLAKTEKDRAILELKLAEAIDEKSKL,EMANRLAGLENSLESEKVSREQLIKQKDQLNSLLASLESEGAEREKRLRELEAKLDETLKNLELEKLARMELEARLAKTEKDRAILELKLAEAIDEKSKLE,False,False,True,0.944223272056149,0.0557766047721814,1.231716697300603e-07,0.964032889411941,1.13096759285238,0.972642219209662,0.91133186721943,99,defgabcdefgabcdefgabcdefgabcdefgabcdefgabcdefgabcdefgabcdefgabcdefgabcdefgabcdefgabcdefgabcdefgabcd,MANRLAGLENSLESEKVSREQLIKQKDQLNSLLASLESEGAEREKRLRELEAKLDETLKNLELEKLARMELEARLAKTEKDRAILELKLAEAIDEKSKL,0,0,0,0,1d7m,2.0,1.0,0.90791184,0
124,5ajs,0.7936507936507936,2,LLRKLNEQRDILALMEVKMKEMKGSIRHLRLTEAKLREELREKDRLLAMA,TEEELLRKLNEQRDILALMEVKMKEMKGSIRHLRLTEAKLREELREKDRLLAMAVIRKKH,True,False,True,0.9966741201917192,0.0031740800096821,0.0001517997985984,0.93668449534248,1.18760825776421,1.11795846732888,0.861769702732472,50,defgabcdefgabcdefgabcdefgabcdefgabcdefgabcdefgabcd,LLRKLNEQRDILALMEVKMKEMKGSIRHLRLTEAKLREELREKDRLLAMA,0,0,0,0,5ajs,2.0,1.0,0.90511024,0
125,6v5i,0.7575757575757575,3,VEALEKKVAALELKVQALEKKVEAL,EVEALEKKVAALELKVQALEKKVEALEHGWDGR,False,False,True,0.001382802345111,0.9980935374041782,0.0005236602507107,0.721215653698424,1.46550212699634,0.666249022422302,2.0905483401432,25,abcdefgabcdefgabcdefgabcd,VEALEKKVAALELKVQALEKKVEAL,0,1,1,1,6v5i,3.0,0.0,0.7213251,1
126,6v5g,0.7575757575757575,3,VEALEKKVAALELKVQKLEKKVEAL,EVEALEKKVAALELKVQKLEKKVEALEHGWDGR,False,False,True,0.0007022642948677,0.9970500532132484,0.0022476824918839,0.720704428354671,1.46966132471444,0.680392328317,2.07219114500046,25,abcdefgabcdefgabcdefgabcd,VEALEKKVAALELKVQKLEKKVEAL,0,1,1,1,6v5g,3.0,0.0,0.711912,1
127,6v5j,0.7575757575757575,3,VEALEKKVEALELKVQALEKKVEAL,EVEALEKKVEALELKVQALEKKVEALEHGWDGR,False,False,True,0.0003433622564936,0.999007704357308,0.0006489333861983,0.730340325256227,1.40243313488983,0.739258789481047,2.15948207111702,25,abcdefgabcdefgabcdefgabcd,VEALEKKVEALELKVQALEKKVEAL,0,1,1,1,6v5j,3.0,0.0,0.72687334,1
128,6v50,0.8064516129032256,3,VEALEAKVEALESKVQKLEKKVEAL,EVEALEAKVEALESKVQKLEKKVEALEHGWD,False,False,True,2.1681770261101783e-05,0.9956096606015498,0.0043686576281891,0.698779051320699,1.33460880934954,0.652013495220095,2.68847827758593,25,abcdefgabcdefgabcdefgabcd,VEALEAKVEALESKVQKLEKKVEAL,0,1,1,1,6v50,3.0,0.0,0.75564355,1
129,4bwd,0.819672131147541,2,ELEEKTRLINQVMELQHTLEDLSARVDAVKEENLKLKSENQVLGQYIENL,AENQVELEEKTRLINQVMELQHTLEDLSARVDAVKEENLKLKSENQVLGQYIENLMSAS,True,False,True,0.7130725271350314,0.2830145623900975,0.0039129104748709,0.778547312731131,1.60139082075483,0.848130621633358,1.07439725415422,50,defgabcdefgabcdefgabcdefgabcdefgabcdefgabcdefgabcd,ELEEKTRLINQVMELQHTLEDLSARVDAVKEENLKLKSENQVLGQYIENL,0,0,0,0,4bwd,2.0,1.0,0.9686659,0
130,1gk4,0.8607594936708861,2,LKGTNESLERQMREMEENFAVEAANYQDTIGRLQDEIQNMKEEMARHLREYQDLLNVKMALDIEIATY,CEVDALKGTNESLERQMREMEENFAVEAANYQDTIGRLQDEIQNMKEEMARHLREYQDLLNVKMALDIEIATYRKLLEG,False,False,True,0.7805659582161073,0.2065238079425368,0.0129102338413559,1.04205452193056,0.934547169437685,0.968209973660031,0.877405388882301,68,gabcdefgabcdefgabcdefgabcdefgabcdefgabcdefgabcdefgabcdefgabcdefgabcd,LKGTNESLERQMREMEENFAVEAANYQDTIGRLQDEIQNMKEEMARHLREYQDLLNVKMALDIEIATY,0,0,0,0,1gk4,2.0,1.0,0.8178031,0
131,1gk6,0.8545454545454545,2,LEDKVEELLSKNYHLENEVARLKKLVGDLLNVKMALDIEIATYRKLL,MKQLEDKVEELLSKNYHLENEVARLKKLVGDLLNVKMALDIEIATYRKLLEG,True,False,True,0.5435742190289578,0.063124403326397,0.3933013776446452,0.810168963326639,1.38544708944638,0.67909273848214,1.59608782808269,47,defgabcdefgabcdefgabcdefgabcdefgabcdefgabcdefga,LEDKVEELLSKNYHLENEVARLKKLVGDLLNVKMALDIEIATYRKLL,0,1,0,0,1gk6,2.0,1.0,0.96245503,0
132,2x6p,0.8620689655172414,3,WEALEKKLAALESKLQACEKKLEAL,EWEALEKKLAALESKLQACEKKLEALEHG,False,False,True,0.0029843524185517,0.9904440320015404,0.006571615579908,0.93755836129761,1.03545149423875,0.765386487561765,1.56650602714078,25,abcdefgabcdefgabcdefgabcd,WEALEKKLAALESKLQACEKKLEAL,0,1,1,1,2x6p,3.0,0.0,0.7275537,1
133,1unu,0.8387096774193549,4,IEDKSEEILSKLYHIENELARIKKLL,MKQIEDKSEEILSKLYHIENELARIKKLLGE,False,False,True,0.0014768746855752,0.0721287802060733,0.9263943451083516,0.730294810973109,1.03683619411789,2.22571560093811,2.26212289099175,26,defgabcdefgabcdefgabcdefga,IEDKSEEILSKLYHIENELARIKKLL,0,1,2,2,1unu,4.0,0.0,0.8877905,2
134,1unw,0.7419354838709677,4,IEDKLEEILSKLYHIENEGARIK,RMKQIEDKLEEILSKLYHIENEGARIKKLLG,False,False,True,0.0093263598964435,0.0099433806931568,0.9807302594103996,0.797900968019809,0.762752783199697,2.32376986955276,2.48266169625533,23,defgabcdefgabcdefgabcde,IEDKLEEILSKLYHIENEGARIK,0,1,2,2,1unw,3.0,0.0,0.46386963,1
135,1unz,0.7857142857142857,4,IEDKLEEILSKLYHIENELARS,KQIEDKLEEILSKLYHIENELARSKKLL,False,False,True,0.050403499632167,0.0003400798924734,0.9492564204753596,0.78643547675573,0.831987619283655,2.1375550120388,2.49201844288251,22,defgabcdefgabcdefgabcd,IEDKLEEILSKLYHIENELARS,0,1,2,2,1unz,4.0,0.0,0.7501431,2
136,1unv,0.72,4,TEEILSKLYHIENELARI,KTEEILSKLYHIENELARIKKLL,True,False,True,0.0073321184987895,1.7002455516643076e-05,0.9926508790456936,0.793078551288295,0.798391158907399,1.79483155665918,2.77707661918583,18,abcdefgabcdefgabcd,TEEILSKLYHIENELARI,0,1,2,2,1unv,4.0,0.0,0.84375644,2
137,1unx,0.7096774193548387,4,IEDKLEEILSKLYHIENESARI,RMKQIEDKLEEILSKLYHIENESARIKKLLG,True,False,True,0.000927185122506,0.0988402482498469,0.900232566627647,0.736022385130363,1.01290195935796,2.1095455383352,2.36879779030385,22,defgabcdefgabcdefgabcd,IEDKLEEILSKLYHIENESARI,0,1,2,2,1unx,3.0,0.0,0.4839108,1
138,1unt,0.65625,4,EDKAEEILSKLYHIENELARI,RMKQIEDKAEEILSKLYHIENELARIKKLLGE,True,False,True,0.0036157879547302,0.044659622481171,0.9517245895640988,0.803450319472772,0.906071403851637,1.64977578736716,2.45979926265918,21,efgabcdefgabcdefgabcd,EDKAEEILSKLYHIENELARI,0,1,2,2,1unt,4.0,0.0,0.82746404,2
139,6o2f,0.935483870967742,2,MKQLEDKVEELLSKNYNLENEVARLKKLV,RMKQLEDKVEELLSKNYNLENEVARLKKLVG,False,False,True,0.7383281200213668,0.2611259093508688,0.0005459706277643,0.725493913718783,1.54762168361449,0.593864353002599,1.85212813392544,29,abcdefgabcdefgabcdefgabcdefga,MKQLEDKVEELLSKNYNLENEVARLKKLV,0,1,0,0,6o2f,2.0,1.0,0.90477043,0
140,2pnv,0.8461538461538461,3,MYDMISDLNERSEDFEKRIVTLETKLETLIGSI,NIMYDMISDLNERSEDFEKRIVTLETKLETLIGSIHALP,False,False,True,0.0129392238919411,0.3704518750423188,0.61660890106574,0.918245317657968,0.866042783443901,0.828238551635067,2.20429267201401,33,defgabcdefgabcdefgabcdefgabcdefga,MYDMISDLNERSEDFEKRIVTLETKLETLIGSI,0,1,2,1,2pnv,3.0,0.0,0.61223876,1
141,1rb6,0.78125,3,MKQLEDKVEELLSKAYHLENEVARL,RMKQLEDKVEELLSKAYHLENEVARLKKLVG,True,False,False,0.1941425120828909,0.7911754854967041,0.0146820024204049,0.783988672700308,1.24582321504298,0.646170215874314,2.2646248102329,25,abcdefgabcdefgabcdefgabcd,MKQLEDKVEELLSKAYHLENEVARL,0,1,1,1,1rb6,2.0,1.0,0.89899635,0
142,6v4y,0.8333333333333334,3,VEALEAKVEALEYKVQKLEKKVEAL,EVEALEAKVEALEYKVQKLEKKVEALEHGW,False,False,True,9.86969563702418e-05,0.7588889929883365,0.2410123100552931,0.740403970857094,1.39424020155532,0.730512391384051,2.10790847254106,25,abcdefgabcdefgabcdefgabcd,VEALEAKVEALEYKVQKLEKKVEAL,0,1,1,1,6v4y,3.0,0.0,0.735882,1
143,6d42,0.8461538461538461,4,LYDLQQNLSSSHRALEKQIDTLAGKLDALTELL,ILYDLQQNLSSSHRALEKQIDTLAGKLDALTELLSTAL,False,False,True,0.1600674825663746,0.0452247496203479,0.7947077678132775,1.03612195467405,0.935477649232157,0.983134063199364,0.913093397636811,33,defgabcdefgabcdefgabcdefgabcdefga,LYDLQQNLSSSHRALEKQIDTLAGKLDALTELL,0,0,2,2,6d42,4.0,0.0,0.569981,2
144,2z5i,0.8775510204081632,2,LLSKNYHLENEVARLKKLVDDLEDELYAQKLKYKAISEELDHA,GELLSKNYHLENEVARLKKLVDDLEDELYAQKLKYKAISEELDHALNDM,False,False,True,0.966740654470882,0.0137460061102329,0.0195133394188851,0.829187105253333,1.28171937031705,0.884316911233166,1.61775496233573,43,defgabcdefgabcdefgabcdefgabcdefgabcdefgabcd,LLSKNYHLENEVARLKKLVDDLEDELYAQKLKYKAISEELDHA,0,1,0,0,2z5i,2.0,1.0,0.9547062,0
145,4dzk,0.8620689655172414,3,IAAIKQEIAANKKEIAAIKWEIAAI,GEIAAIKQEIAANKKEIAAIKWEIAAIKQ,False,False,True,0.0002371249216017,0.6843398426944635,0.3154230323839347,0.969938198993692,0.79261060874138,1.14449513781093,1.78706332433559,25,abcdefgabcdefgabcdefgabcd,IAAIKQEIAANKKEIAAIKWEIAAI,0,1,1,1,4dzk,3.0,0.0,0.66083294,1
146,1ic2,0.8860759493670886,2,KKKMQMLKLDKENALDRAEQAEADKKAAEERSKQLEDELVALQKKLKGTEDELDKYSESLKDAQEKLEL,MDAIKKKMQMLKLDKENALDRAEQAEADKKAAEERSKQLEDELVALQKKLKGTEDELDKYSESLKDAQEKLELADKK,True,True,True,0.993659374352531,1.2987054466499768e-05,0.0063276385930023,0.971849513366276,1.09153384053828,1.06078397614778,0.907763356884346,70,defgabcdefgabcdefgabcdefgabcdefgabcdefgabcdefgabcdefgabcdefgabcdefgabc,IKKKMQMLKLDKENALDRAEQAEADKKAAEERSKQLEDELVALQKKLKGTEDELDKYSESLKDAQEKLEL,1,0,0,0,1ic2,2.0,1.0,0.7973965,0
147,3ni0,0.7473684210526316,2,CRNTTHLLQRQLTRTQDSLLQAETQANSCNLTVVTLQESLEKKVSQALEQQARIKELENEVTKLNQELENL,CRDGLRAQAECRNTTHLLQRQLTRTQDSLLQAETQANSCNLTVVTLQESLEKKVSQALEQQARIKELENEVTKLNQELENLRIQKET,True,False,True,0.9541508481589082,0.0103401204895657,0.035509031351526,0.975915376127112,1.06056430394788,0.868749722304614,1.10208712686778,71,defgabcdefgabcdefgabcdefgabcdefgabcdefgabcdefgabcdefgabcdefgabcdefgabcd,CRNTTHLLQRQLTRTQDSLLQAETQANSCNLTVVTLQESLEKKVSQALEQQARIKELENEVTKLNQELENL,0,1,0,0,3ni0,2.0,1.0,0.940232,0
148,3ljm,0.8620689655172414,3,WEALEKKCAALESKLQALEKKLEAL,EWEALEKKCAALESKLQALEKKLEALEHG,False,False,True,0.0207764158589242,0.9775145302951752,0.0017090538459007,0.948319315978596,1.0099519206651,0.836008411168871,1.50782821930262,25,abcdefgabcdefgabcdefgabcd,WEALEKKCAALESKLQALEKKLEAL,0,1,1,1,3ljm,3.0,0.0,0.6621676,1
149,1nkn,0.918918918918919,2,QLKQMDKMKEDLAKTERIKKELEEQNVTLLEQKNDLFGSMKQLEDKVEELLSKNYHLENEVARLKKLV,MKEQLKQMDKMKEDLAKTERIKKELEEQNVTLLEQKNDLFGSMKQLEDKVEELLSKNYHLENEVARLKKLVGE,True,False,True,0.9919898538400224,0.0006728184720093,0.0073373276879683,0.809767731196063,1.46205038425736,0.712893239164012,1.34000996924688,68,defgabcdefgabcdefgabcdefgabcdefgabcdefgabcdefgabcdefgabcdefgabcdefga,QLKQMDKMKEDLAKTERIKKELEEQNVTLLEQKNDLFGSMKQLEDKVEELLSKNYHLENEVARLKKLV,0,0,0,0,1nkn,2.0,1.0,0.9382686,0
150,6zpm,0.6893203883495146,2,YEKLVKECRRLEEELEQKTHEASDASQRVRQLERETTRLMRRVEQLVSAVEGQKQKLDETEAKHKLELAEI,SSLQRYEKLVKECRRLEEELEQKTHEASDASQRVRQLERETTRLMRRVEQLVSAVEGQKQKLDETEAKHKLELAEIENRHELEIQSKMSSHEEALRRLMD,True,False,True,0.7055041140638025,0.2944890381367734,6.847799424060629e-06,0.908051168025495,1.25477961790521,0.913425923028744,1.03144944289989,71,abcdefgabcdefgabcdefgabcdefgabcdefgabcdefgabcdefgabcdefgabcdefgabcdefga,YEKLVKECRRLEEELEQKTHEASDASQRVRQLERETTRLMRRVEQLVSAVEGQKQKLDETEAKHKLELAEI,0,0,0,0,6zpm,2.0,1.0,0.9343989,0
151,3qh9,0.9242424242424242,2,KQRKAEELLQELRHLKIKVEELENERNQYEWKLKATKAEVAQLQEQVALKDAEIERLHSQL,QEEKQRKAEELLQELRHLKIKVEELENERNQYEWKLKATKAEVAQLQEQVALKDAEIERLHSQLSR,False,False,True,0.8930607086574414,0.1069297599954114,9.531347147206784e-06,0.921628259457207,1.22088505552255,0.844803737008192,1.07142773364582,61,defgabcdefgabcdefgabcdefgabcdefgabcdefgabcdefgabcdefgabcdefga,KQRKAEELLQELRHLKIKVEELENERNQYEWKLKATKAEVAQLQEQVALKDAEIERLHSQL,0,0,0,0,3qh9,2.0,1.0,0.9466584,0
152,6q25,0.7575757575757575,3,VEALEKKVEALELKVQKLEKKVEAL,EVEALEKKVEALELKVQKLEKKVEALEHGWDGR,False,False,True,0.00014171305108,0.9974973990083392,0.0023608879405808,0.729829099912473,1.40659233260792,0.753402095375745,2.14112487597428,25,abcdefgabcdefgabcdefgabcd,VEALEKKVEALELKVQKLEKKVEAL,0,1,1,1,6q25,3.0,0.0,0.7610443,1
153,2zta,0.935483870967742,2,MKQLEDKVEELLSKNYHLENEVARLKKLV,RMKQLEDKVEELLSKNYHLENEVARLKKLVG,False,False,True,0.7520534466404731,0.2445623325449746,0.0033842208145521,0.69518386901563,1.56692932632542,0.567082956200521,2.06061697670289,29,abcdefgabcdefgabcdefgabcdefga,MKQLEDKVEELLSKNYHLENEVARLKKLV,0,1,0,0,2zta,2.0,1.0,0.91933346,0
154,3g9r,0.7857142857142857,3,WASLWNWFNITNWLWYIKIEELKSKIKRIENEI,DKWASLWNWFNITNWLWYIKIEELKSKIKRIENEIKRIKK,True,False,True,0.366979661186682,0.6181554291973367,0.0148649096159813,1.04365504033094,0.837999428009271,0.716217397324907,1.33545653407104,33,defgabcdefgabcdefgabcdefgabcdefga,WASLWNWFNITNWLWYIKIEELKSKIKRIENEI,0,1,1,1,3g9r,2.0,1.0,0.5984616,0
155,6vzf,0.6976744186046512,2,VDDLLHQLQLLKEENNRKSMQISEMGKKISDLEVEKTAYRETLTNLNQELARLTNEEQSH,NNHQIQELESNVDDLLHQLQLLKEENNRKSMQISEMGKKISDLEVEKTAYRETLTNLNQELARLTNEEQSHRTEIFTLNASFKKQL,False,False,True,0.9600536203345944,0.0383420787807427,0.0016043008846629,0.960516213600786,1.2048589564891,0.847623135646053,0.798720237869771,60,abcdefgabcdefgabcdefgabcdefgabcdefgabcdefgabcdefgabcdefgabcd,VDDLLHQLQLLKEENNRKSMQISEMGKKISDLEVEKTAYRETLTNLNQELARLTNEEQSH,0,0,0,0,6vzf,2.0,1.0,0.9517154,0
156,6yf5,0.5617977528089888,2,LQELNDRLAVYIDRVRSLETENAGLRLRITESEEVVDFYFGKLRNIELIC,TRITRLQEKEDLQELNDRLAVYIDRVRSLETENAGLRLRITESEEVVDFYFGKLRNIELICQENEGENDPVLQRIVDILYATD,True,False,True,0.3269459411625481,0.67288173879634,0.0001723200411118,0.80091388579863,1.51355033527613,1.1301372793875,0.966615261806328,50,abcdefgabcdefgabcdefgabcdefgabcdefgabcdefgabcdefga,LQELNDRLAVYIDRVRSLETENAGLRLRITESEEVVDFYFGKLRNIELIC,0,0,1,0,6yf5,2.0,1.0,0.9041156,0
157,5i4z,0.527027027027027,2,LKKATAYILSVQAETQKLISEIDLLRKQNEQLKHKLEQL,RRNELKRSFFALRDQIPELENNEKAPKVVILKKATAYILSVQAETQKLISEIDLLRKQNEQLKHKLEQLRNSCA,False,False,True,0.9371125011056988,0.0437025529606016,0.0191849459336997,0.912101191879013,1.27919014700022,1.15606494041359,0.75564666762579,39,abcdefgabcdefgabcdefgabcdefgabcdefgabcd,LKKATAYILSVQAETQKLISEIDLLRKQNEQLKHKLEQL,0,0,0,0,5i4z,2.0,1.0,0.8959824,0
158,3g1e,0.6756756756756757,2,NDRFANLIDKVRFLEQQNKILLAE,NEKVELQELNDRFANLIDKVRFLEQQNKILLAELEQL,False,True,True,0.8858968185766729,0.0048063287283043,0.1092968526950226,0.813117107401511,1.55752461187957,0.856333148863272,0.919331201546068,25,efgabcdefgabcdefgabcdefga,NDRFANLIDKVRFLEQQNKILLAEL,1,0,0,0,3g1e,2.0,1.0,0.89945847,0
159,5hhe,0.935483870967742,2,SEQLQMELKELALEEERLIQELEDVEKNRKIVAENLEKVQAEAERLDQEEAQYQREYSEFKRQQLELDDELKSVENQMRYAQTQLDK,DDSEQLQMELKELALEEERLIQELEDVEKNRKIVAENLEKVQAEAERLDQEEAQYQREYSEFKRQQLELDDELKSVENQMRYAQTQLDKLKLE,False,False,False,0.9875167356335612,0.0084303813590842,0.0040528830073544,0.985470132830719,1.09905844682469,0.830484649544047,0.931161516015417,87,abcdefgabcdefgabcdefgabcdefgabcdefgabcdefgabcdefgabcdefgabcdefgabcdefgabcdefgabcdefgabc,SEQLQMELKELALEEERLIQELEDVEKNRKIVAENLEKVQAEAERLDQEEAQYQREYSEFKRQQLELDDELKSVENQMRYAQTQLDK,0,0,0,0,5hhe,2.0,1.0,0.5131493,0
160,6xy0,0.8666666666666667,4,IQQELKAIQQELKAIQWELKAIQQEL,GAIQQELKAIQQELKAIQWELKAIQQELKG,False,False,True,9.415771820535217e-06,0.1797789842404918,0.8202115999876878,1.01668503795227,0.639187605984198,2.0137991336129,1.27591528963171,26,defgabcdefgabcdefgabcdefga,IQQELKAIQQELKAIQWELKAIQQEL,0,2,2,2,6xy0,3.0,0.0,0.5202156,1
161,6xy1,0.7333333333333333,4,IQKQLKEIQKQLKEIQWQLKEI,GEIQKQLKEIQKQLKEIQWQLKEIQKQLKG,False,False,True,2.45819910792606e-07,0.1344502383744319,0.8655495158056574,1.00789580359191,0.700494021405999,1.99523766725685,1.17212597279746,22,defgabcdefgabcdefgabcd,IQKQLKEIQKQLKEIQWQLKEI,0,2,2,2,6xy1,3.0,0.0,0.56314147,1
162,4xyp,0.6142857142857143,3,LNGIIDQINKVNLLLEGEIEAVRRIAYMNQASSLQNQVEIGLI,VKEKLNGIIDQINKVNLLLEGEIEAVRRIAYMNQASSLQNQVEIGLIGEYLNISSWLETKTLTKTEEGLM,False,False,True,0.1533248424221194,0.8466107361252184,6.44214526620555e-05,0.975521677007521,1.03280586281577,1.00872612086455,1.09440510264474,43,defgabcdefgabcdefgabcdefgabcdefgabcdefgabcd,LNGIIDQINKVNLLLEGEIEAVRRIAYMNQASSLQNQVEIGLI,0,1,1,1,4xyp,4.0,0.0,0.81128556,2
163,1p9i,0.896551724137931,2,LNALLASLEAENKQLKAKVEELLAKV,QLNALLASLEAENKQLKAKVEELLAKVGE,False,False,True,0.0816918762828015,0.8809915922000352,0.0373165315171633,0.643741849621499,1.83529674324,1.25583875909078,1.18234398732037,26,defgabcdefgabcdefgabcdefga,LNALLASLEAENKQLKAKVEELLAKV,0,0,1,0,1p9i,2.0,1.0,0.7149846,0
164,1t6f,0.8648648648648649,2,LYEALKENEKLHKEIEQKDNEIARLKKENKEL,TLYEALKENEKLHKEIEQKDNEIARLKKENKELAEVA,False,False,True,0.9912098027938492,0.0080794542824344,0.0007107429237165,0.712742831773043,2.01157970832946,0.62664234099244,0.504630406473393,32,abcdefgabcdefgabcdefgabcdefgabcd,LYEALKENEKLHKEIEQKDNEIARLKKENKEL,0,0,0,0,1t6f,2.0,1.0,0.96051383,0
165,3efg,0.8431372549019608,3,LEARLVELETRLSFQEQALTELSEALADARLTGARNAELIRHL,RDQELEARLVELETRLSFQEQALTELSEALADARLTGARNAELIRHLLEDL,False,False,True,0.502812182080492,0.0473035515855271,0.4498842663339809,0.932300206185158,0.912104926545517,1.16105953042994,1.71723948972825,43,defgabcdefgabcdefgabcdefgabcdefgabcdefgabcd,LEARLVELETRLSFQEQALTELSEALADARLTGARNAELIRHL,0,1,0,1,3efg,3.0,0.0,0.6540983,1
166,2efr,0.9548387096774194,2,LEDKVEELLSKNYHLENEVARLKKLLERAEERAELSEGKSAELEEELKTVTNNLKSLEAQAEKYSQKEDKYEEEIKVLSDKLKEAETRAEFAERSVTKLEKSIDDLEDELYAQKLKYKAISEEMKQLEDKVEELLSKNYHLENEVARL,MKQLEDKVEELLSKNYHLENEVARLKKLLERAEERAELSEGKSAELEEELKTVTNNLKSLEAQAEKYSQKEDKYEEEIKVLSDKLKEAETRAEFAERSVTKLEKSIDDLEDELYAQKLKYKAISEEMKQLEDKVEELLSKNYHLENEVARLKKL,True,False,True,0.7890912832121064,0.2098308512668843,0.0010778655210092,0.854492819811045,1.30390067585883,0.958590159048537,1.28986810363474,148,defgabcdefgabcdefgabcdefgabcdefgabcdefgabcdefgabcdefgabcdefgabcdefgabcdefgabcdefgabcdefgabcdefgabcdefgabcdefgabcdefgabcdefgabcdefgabcdefgabcdefgabcd,LEDKVEELLSKNYHLENEVARLKKLLERAEERAELSEGKSAELEEELKTVTNNLKSLEAQAEKYSQKEDKYEEEIKVLSDKLKEAETRAEFAERSVTKLEKSIDDLEDELYAQKLKYKAISEEMKQLEDKVEELLSKNYHLENEVARL,0,0,0,0,2efr,2.0,1.0,0.917992,0
167,3u91,0.7333333333333333,3,LQLTVWGIKQLQARILAVERYL,QHLLQLTVWGIKQLQARILAVERYLKDQQL,False,False,True,0.050929021069148,0.9480856544466808,0.0009853244841712,1.0516686095463,0.732835437474023,0.894830257947744,1.47048895895534,22,abcdefgabcdefgabcdefga,LQLTVWGIKQLQARILAVERYL,0,1,1,1,3u91,3.0,0.0,0.6080269,1
168,1u9g,0.6818181818181818,4,ILSKLYHIENELARI,EEILSKLYHIENELARIKKLL,False,False,True,0.0086913907494634,4.436108473476103e-05,0.9912642481658018,0.758907150920775,0.738593726005557,1.92984849543537,3.1496384841439,15,defgabcdefgabcd,ILSKLYHIENELARI,0,1,2,2,1u9g,4.0,0.0,0.653992,2
169,3hfe,0.7037037037037037,3,IGARLNRVEDKVTQLDQRL,NTIGARLNRVEDKVTQLDQRLALITD,True,False,True,0.0005150751510734,0.5780408187173711,0.4214441061315554,0.922804564700603,1.03134456949669,1.18129750164725,1.41397918764666,19,defgabcdefgabcdefga,IGARLNRVEDKVTQLDQRL,0,1,1,1,3hfe,3.0,0.0,0.80642843,1
170,4c1a,0.6944444444444444,2,LELELEEVESQIRALVVRRSRLRER,GPAMEALELELEEVESQIRALVVRRSRLRERLLAV,True,False,False,0.3025044267226605,0.6919977717105561,0.0054978015667834,1.02501766524641,0.968163580000982,0.685262800490305,1.10907177173312,25,defgabcdefgabcdefgabcdefg,LELELEEVESQIRALVVRRSRLRER,0,1,1,0,4c1a,2.0,0.0,0.95784456,0
171,5aps,0.9047619047619048,3,VEELLSKVYHLENEVARLKKLIENKKADMKQLEDKVEELLSKVYHLENEVARLKKLV,EDKVEELLSKVYHLENEVARLKKLIENKKADMKQLEDKVEELLSKVYHLENEVARLKKLVGER,False,False,True,0.343747225152771,0.4614500832908488,0.1948026915563801,0.728319221486041,1.36594749801277,0.60724233982435,2.37955396407633,57,abcdefgabcdefgabcdefgabcdefgabcdefgabcdefgabcdefgabcdefga,VEELLSKVYHLENEVARLKKLIENKKADMKQLEDKVEELLSKVYHLENEVARLKKLV,0,1,1,1,5aps,2.0,1.0,0.92451864,0
172,3swy,0.8695652173913043,3,LEEKVEQLGSSLDTLQTRFARLLAEYNATQMKMKQRLSQL,GALEEKVEQLGSSLDTLQTRFARLLAEYNATQMKMKQRLSQLESQV,False,False,True,0.7577711554840583,0.2208989942436523,0.0213298502722894,0.950432324129857,1.0602890860116,1.02179467512889,1.20725181309241,40,defgabcdefgabcdefgabcdefgabcdefgabcdefga,LEEKVEQLGSSLDTLQTRFARLLAEYNATQMKMKQRLSQL,0,1,0,1,3swy,2.0,1.0,0.44395655,0
173,1ce0,0.8285714285714286,3,LLQRIKQQEDKLEETLSKIYHLENEIARV,RLLQRIKQQEDKLEETLSKIYHLENEIARVKKLLG,True,False,True,0.0947630595433179,0.0086059004431629,0.8966310400135191,0.928090780183495,1.00120809807634,0.848552994086543,1.69266708888361,29,defgabcdefgabcdefgabcdefgabcd,LLQRIKQQEDKLEETLSKIYHLENEIARV,0,1,2,1,1ce0,2.0,1.0,0.7815287,0
174,3m48,0.5666666666666667,2,EELLSKNWNLENEVAR,AQLEAKVEELLSKNWNLENEVARLKKLVGE,False,True,True,0.6209169819703692,0.3787488350335206,0.0003341829961102,0.79260739009472,1.42872317036164,0.582384976300494,1.67394624462155,17,abcdefgabcdefgabc,VEELLSKNWNLENEVAR,1,1,0,0,3m48,2.0,1.0,0.9607284,0
175,3lbw,0.8636363636363636,4,LVVAASIIAILHLILWILD,PLVVAASIIAILHLILWILDRL,False,False,True,0.0007319639970036,0.0133371772169237,0.9859308587860728,1.136060502646,0.72758725216259,0.987469082626479,0.728037134370393,19,gabcdefgabcdefgabcd,LVVAASIIAILHLILWILD,0,0,2,2,3lbw,4.0,0.0,0.34509575,2
176,5omd,0.8360655737704918,2,ASMLRDKINFLNIEREKEKNIQAVKVNELQVKHLQELAKLKQELQKLEDEK,PGEASMLRDKINFLNIEREKEKNIQAVKVNELQVKHLQELAKLKQELQKLEDEKKFLQMEA,False,False,True,0.9182361593622496,0.0815441524687819,0.0002196881689683,1.02697645235784,0.966524582938967,0.98470916679785,0.891616333100541,51,defgabcdefgabcdefgabcdefgabcdefgabcdefgabcdefgabcde,ASMLRDKINFLNIEREKEKNIQAVKVNELQVKHLQELAKLKQELQKLEDEK,0,0,0,0,5omd,2.0,1.0,0.43700063,0
177,3m9h,0.7441860465116279,4,LEARIDSLAARNSKLMETLKEARQQLLALREE,SARDIHQLEARIDSLAARNSKLMETLKEARQQLLALREEVDRL,False,False,False,0.5426473145910151,0.4321034680699481,0.0252492173390368,0.899700284850207,1.25451054125623,1.32789733928662,0.815373113152349,32,defgabcdefgabcdefgabcdefgabcdefg,LEARIDSLAARNSKLMETLKEARQQLLALREE,0,2,0,2,3m9h,2.0,1.0,0.8973594,0
178,5m97,0.6,2,QQQITSLETQLYEVNETMFGLERERDFYFNKLREIEIL,QAQQQITSLETQLYEVNETMFGLERERDFYFNKLREIEILVQTHLTTSPMSMENMLERIQAILYS,True,True,True,0.4244188739435455,0.574019947377396,0.0015611786790584,1.03717699114662,0.937975374683312,0.958148774470579,0.91392975368254,39,defgabcdefgabcdefgabcdefgabcdefgabcdefg,AQQQITSLETQLYEVNETMFGLERERDFYFNKLREIEIL,1,0,1,0,5m97,2.0,1.0,0.9206927,0
179,1uo5,0.7741935483870968,4,EDKAEEILSKLYHIENELARIKKL,MKQIEDKAEEILSKLYHIENELARIKKLLGE,False,False,True,0.0072098182621925,0.0016038012599126,0.991186380477895,0.789471868290234,0.950382778071287,1.85309410233849,2.29818796305095,24,efgabcdefgabcdefgabcdefg,EDKAEEILSKLYHIENELARIKKL,0,1,2,2,1uo5,4.0,0.0,0.9061021,2
180,1uo1,0.8064516129032258,4,IEDKLEEILSKLYHIENELARTKKL,RMKQIEDKLEEILSKLYHIENELARTKKLLG,False,False,True,0.0036975546411115,0.0098066354662092,0.9864958098926792,0.826449327512481,0.882783088050766,1.71302231707338,2.29863662001206,25,defgabcdefgabcdefgabcdefg,IEDKLEEILSKLYHIENELARTKKL,0,1,2,2,1uo1,4.0,0.0,0.75932246,2
181,1uo0,0.7096774193548387,4,IEDKLEEILSKLYHIENELARA,RMKQIEDKLEEILSKLYHIENELARAKKLLG,False,False,True,0.0142075140090269,0.0012031152787121,0.9845893707122608,0.822099073264344,0.783234300576379,1.84253080526929,2.55199499090338,22,defgabcdefgabcdefgabcd,IEDKLEEILSKLYHIENELARA,0,1,2,2,1uo0,4.0,0.0,0.75222975,2
182,1uo4,0.5806451612903226,4,ILSKLYHIENELARIKKL,MKQIEDKGEEILSKLYHIENELARIKKLLGE,False,False,True,0.0075761571695281,0.0087835505298453,0.9836402923006264,0.747693077436057,0.825588504606104,2.15426079738577,2.81918354775215,18,defgabcdefgabcdefg,ILSKLYHIENELARIKKL,0,1,2,2,1uo4,4.0,0.0,0.7778282,2
183,6egp,0.8888888888888888,3,WEALEKKLAAAESKCQALEKKLQALEKKLEAL,EWEALEKKLAAAESKCQALEKKLQALEKKLEALEHG,False,False,True,0.0054962131667457,0.9938883684087674,0.0006154184244868,0.947631133835505,1.02940805939281,0.852758383581793,1.44198731811198,32,abcdefgabcdefgabcdefgabcdefgabcd,WEALEKKLAAAESKCQALEKKLQALEKKLEAL,0,1,1,1,6egp,3.0,0.0,0.5393082,1
184,2oqq,0.8571428571428571,2,LSELENRVKDLENKNSELEERLSTLQNENQMLRHIL,GSAYLSELENRVKDLENKNSELEERLSTLQNENQMLRHILKN,False,False,True,0.6437874884706807,0.3489529949991786,0.0072595165301407,0.752693557790555,1.69880159321494,0.867237830358681,0.973863796643035,36,abcdefgabcdefgabcdefgabcdefgabcdefga,LSELENRVKDLENKNSELEERLSTLQNENQMLRHIL,0,0,0,0,2oqq,2.0,1.0,0.8293679,0
185,2cce,0.8333333333333334,4,IEDKLEEILSKLYHISNELARIKKL,MKQIEDKLEEILSKLYHISNELARIKKLLGE,False,False,True,0.0012845354267907,0.0003662518787821,0.9983492126944272,0.814205744337286,0.792553409478323,2.25127863773001,2.30654639029923,25,defgabcdefgabcdefgabcdefg,IEDKLEEILSKLYHISNELARIKKL,0,1,2,2,2cce,4.0,0.0,0.8909518,2
186,2ccf,0.7741935483870968,4,IEDKLEEILSKLYHISNELARIKK,RMKQIEDKLEEILSKLYHISNELARIKKLLG,True,False,False,0.0103591197183604,0.0012006078572064,0.988440272424433,0.801843152447025,0.790412662681917,2.2952767644075,2.38459857758878,24,defgabcdefgabcdefgabcdef,IEDKLEEILSKLYHISNELARIKK,0,1,2,2,2ccf,4.0,0.0,0.85808367,2
187,2ccn,0.75,4,IEDKLEEILSKLYHICNELARIKK,MKQIEDKLEEILSKLYHICNELARIKKLLGER,True,False,False,0.0076977378370101,0.0006164054899164,0.9916858566730736,0.811886932736472,0.768563435432373,2.35160363273072,2.33042725815785,24,defgabcdefgabcdefgabcdef,IEDKLEEILSKLYHICNELARIKK,0,2,2,2,2ccn,4.0,0.0,0.86381173,2
188,3vyi,0.782608695652174,3,ILRIKQNINQIATKIQHIEFSISEIEQEIERINKLI,SERQILRIKQNINQIATKIQHIEFSISEIEQEIERINKLIKQNGLL,True,False,True,0.2369366699109144,0.7601988833453104,0.002864446743775,1.04467710590653,0.654587293075114,1.0422223236547,1.66761967019604,36,abcdefgabcdefgabcdefgabcdefgabcdefga,ILRIKQNINQIATKIQHIEFSISEIEQEIERINKLI,0,1,1,1,3vyi,4.0,0.0,0.8062674,2
189,6wcu,0.8666666666666667,2,TEKLIRMKDEELRRMQEMLQRMKQQM,ETEKLIRMKDEELRRMQEMLQRMKQQMQDQ,False,False,True,0.951858253555957,0.0008017193705836,0.0473400270734594,0.926859386508728,1.22993789060745,0.883421079810327,0.973845579940347,26,defgabcdefgabcdefgabcdefga,TEKLIRMKDEELRRMQEMLQRMKQQM,0,0,0,0,6wcu,2.0,1.0,0.5165138,0
190,6xxz,0.8666666666666667,4,IKQQLAEIKQQLAEIKWQLAEIKQQL,GEIKQQLAEIKQQLAEIKWQLAEIKQQLAG,False,False,True,0.0819972280586953,0.0103108597294862,0.9076919122118184,0.901016279896158,0.59571517000337,3.17496742706602,1.56188328052594,26,defgabcdefgabcdefgabcdefga,IKQQLAEIKQQLAEIKWQLAEIKQQL,0,2,2,2,6xxz,3.0,0.0,0.5312175,1
191,3tyy,0.8666666666666667,2,CLERIQELEDLLAKEKDNSRRMLTDKEREMAEIRDQMQQQLNDYEQLLDVKLALDMEISAYRKLL,ESRACLERIQELEDLLAKEKDNSRRMLTDKEREMAEIRDQMQQQLNDYEQLLDVKLALDMEISAYRKLLEG,True,False,True,0.9248022764860538,0.0057380653084171,0.069459658205529,1.01789740836363,1.00593824036978,1.0795522811797,0.779525577305873,65,gabcdefgabcdefgabcdefgabcdefgabcdefgabcdefgabcdefgabcdefgabcdefga,CLERIQELEDLLAKEKDNSRRMLTDKEREMAEIRDQMQQQLNDYEQLLDVKLALDMEISAYRKLL,0,2,0,0,3tyy,2.0,1.0,0.7867705,0
192,5lhw,0.6666666666666666,2,QDRQLRLLQAQIQRLLEA,GSLTEQDRQLRLLQAQIQRLLEAQSLM,False,False,False,0.1321851175246758,0.1758200856206246,0.6919947968546996,1.03530406339492,0.885317489530981,1.11264954786579,0.985153789453181,18,abcdefgabcdefgabcd,QDRQLRLLQAQIQRLLEA,0,2,2,0,5lhw,4.0,0.0,0.60708654,2
193,1qx8,0.8297872340425532,4,ALNMARFIRSQTLTLLEKLNELADICESLHDHADELYRS,EKTALNMARFIRSQTLTLLEKLNELADICESLHDHADELYRSCLARF,True,False,False,0.5719435879813028,0.0153339349225594,0.4127224770961378,0.965502438966337,0.906885056129925,2.30700175524296,0.670189266056476,39,defgabcdefgabcdefgabcdefgabcdefgabcdefg,ALNMARFIRSQTLTLLEKLNELADICESLHDHADELYRS,0,2,0,2,1qx8,4.0,0.0,0.8941786,2
194,2xg7,0.8292682926829268,2,FQDVEAQAATCNHTVMALMASLDAEKAQGQKKVEELEGEITTLNHKLQDASAEVERLRRENQVLSVRI,AQKGFQDVEAQAATCNHTVMALMASLDAEKAQGQKKVEELEGEITTLNHKLQDASAEVERLRRENQVLSVRIADK,True,False,True,0.7646133616483664,0.2267450565490139,0.0086415818026198,0.90713141265486,1.28894075368882,0.998520041326059,0.875092091465243,68,defgabcdefgabcdefgabcdefgabcdefgabcdefgabcdefgabcdefgabcdefgabcdefga,FQDVEAQAATCNHTVMALMASLDAEKAQGQKKVEELEGEITTLNHKLQDASAEVERLRRENQVLSVRI,0,0,0,0,2xg7,2.0,1.0,0.86336285,0
195,1t3j,0.5967741935483871,2,QKHLEEEIARLSKEIDQLEKMQNNSKLLRNKAVQLES,ATTFARLCQQVDMTQKHLEEEIARLSKEIDQLEKMQNNSKLLRNKAVQLESELENFSKQFLH,False,False,False,0.5378075748901799,0.2255308326148548,0.2366615924949652,0.988212448571013,1.06356620014017,0.750534469739854,1.07307129363145,37,abcdefgabcdefgabcdefgabcdefgabcdefgab,QKHLEEEIARLSKEIDQLEKMQNNSKLLRNKAVQLES,0,1,0,0,1t3j,2.0,1.0,0.51055497,0
196,6owd,0.925925925925926,2,IARLQRQIRALQRQNARLQRQIRAL,QIARLQRQIRALQRQNARLQRQIRALQW,False,False,True,0.5417108263124705,0.0650688659714297,0.3932203077160997,0.82490715002609,1.37990979484598,0.51841445251081,1.60255781478428,25,abcdefgabcdefgabcdefgabcd,IARLQRQIRALQRQNARLQRQIRAL,0,1,0,0,6owd,2.0,1.0,0.6682335,0
197,4owi,0.7575757575757576,2,MKQLEDKVGELLFSNYWLELEVARL,GSMRMKQLEDKVGELLFSNYWLELEVARLKKLV,False,False,True,0.278491133650381,0.0205688372187586,0.7009400291308603,0.807785632222488,1.47673046357396,0.679908599528368,1.33381847331484,25,abcdefgabcdefgabcdefgabcd,MKQLEDKVGELLFSNYWLELEVARL,0,0,2,0,4owi,2.0,1.0,0.9488324,0
198,2b22,0.8620689655172413,4,LEDVVEELLSVNYHLENVVARLKKL,VKQLEDVVEELLSVNYHLENVVARLKKLV,False,False,False,0.4940069185259446,0.501659120928544,0.0043339605455114,0.815955235855012,1.4764470911989,0.737358226857427,1.22783866765421,25,defgabcdefgabcdefgabcdefg,LEDVVEELLSVNYHLENVVARLKKL,0,0,1,2,2b22,2.0,1.0,0.8264231,0
199,4gdo,0.5952380952380952,2,VEAALEKQRQLAEAHAQAKAQAERE,HMRAEERERLAEVEAALEKQRQLAEAHAQAKAQAEREAKEL,True,False,False,0.7022527403962192,0.2977288733075213,1.838629625956937e-05,1.03763848716954,0.988265039485058,0.974347993802958,0.743976797704148,25,abcdefgabcdefgabcdefgabcd,VEAALEKQRQLAEAHAQAKAQAERE,0,0,0,0,4gdo,2.0,1.0,0.38783017,0
200,3i00,0.8947368421052632,2,KDHLIERLYREISGLKAQLENMKTESQRVVLQLKGHVSELEADLAEQQHLRQQAADDCEFLRAELDEL,KDEKDHLIERLYREISGLKAQLENMKTESQRVVLQLKGHVSELEADLAEQQHLRQQAADDCEFLRAELDELRRQRE,True,False,True,0.7785972133360366,0.1908207811224394,0.030582005541524,0.991104445786671,1.06351728570855,0.938222995578271,0.92005669562918,68,gabcdefgabcdefgabcdefgabcdefgabcdefgabcdefgabcdefgabcdefgabcdefgabcd,KDHLIERLYREISGLKAQLENMKTESQRVVLQLKGHVSELEADLAEQQHLRQQAADDCEFLRAELDEL,0,0,0,0,3i00,2.0,1.0,0.83422595,0
201,6ign,0.7154471544715447,2,LASTRRDQDNMQAELNRLQAENDASKEEVKEVLQALEELAVNYDQKSQEVEDKTKEYELLSDELNQKSATLASIDAELQKLKEMTNHQ,QLVEKLKTQMLDQEELLASTRRDQDNMQAELNRLQAENDASKEEVKEVLQALEELAVNYDQKSQEVEDKTKEYELLSDELNQKSATLASIDAELQKLKEMTNHQKKRAAEMMASLLKDLAEIG,False,False,False,0.9986046532442984,0.000896097324986,0.0004992494307155,1.02117247403414,0.938971450362395,1.02423779961302,0.997072426184766,88,defgabcdefgabcdefgabcdefgabcdefgabcdefgabcdefgabcdefgabcdefgabcdefgabcdefgabcdefgabcdefg,LASTRRDQDNMQAELNRLQAENDASKEEVKEVLQALEELAVNYDQKSQEVEDKTKEYELLSDELNQKSATLASIDAELQKLKEMTNHQ,0,2,0,0,6ign,2.0,1.0,0.5579593,0
202,6igv,0.7796610169491526,2,LASTRRDQDNMQAELNRLQAENDASKEEVKEVLQALEELAVNYDQKSQEVEDKTKEYELLSDELNQKSATLASIDAELQKLKEMTNHQKKRA,VEKLKTQMLDQEELLASTRRDQDNMQAELNRLQAENDASKEEVKEVLQALEELAVNYDQKSQEVEDKTKEYELLSDELNQKSATLASIDAELQKLKEMTNHQKKRAAEMMASLLKDLA,False,False,False,0.998593571358992,0.0004768401197302,0.0009295885212778,1.02259825431663,0.940688366404786,1.02035222484495,0.982720863945708,92,defgabcdefgabcdefgabcdefgabcdefgabcdefgabcdefgabcdefgabcdefgabcdefgabcdefgabcdefgabcdefgabcd,LASTRRDQDNMQAELNRLQAENDASKEEVKEVLQALEELAVNYDQKSQEVEDKTKEYELLSDELNQKSATLASIDAELQKLKEMTNHQKKRA,0,0,0,0,6igv,2.0,1.0,0.5442358,0
203,6yjd,0.6538461538461539,2,LRVNYGSCVSEYNDLTKSLARERDTSRRLLAEKEREMAEMRARMQQQLDEYQELLDIKLALDMEIHAY,MPLKPEEHEDILNKLLDPELAQSERTEALQQLRVNYGSCVSEYNDLTKSLARERDTSRRLLAEKEREMAEMRARMQQQLDEYQELLDIKLALDMEIHAYRKLLE,False,False,True,0.9984896758305316,2.114936006189197e-06,0.0015082092334622,0.979870075021447,1.14727387484408,1.00969243083943,0.705157975700721,68,gabcdefgabcdefgabcdefgabcdefgabcdefgabcdefgabcdefgabcdefgabcdefgabcd,LRVNYGSCVSEYNDLTKSLARERDTSRRLLAEKEREMAEMRARMQQQLDEYQELLDIKLALDMEIHAY,0,0,0,0,6yjd,2.0,1.0,0.8193005,0
204,2xdj,0.9242424242424242,3,VEDRVTQLERISNAHSQLLTQLQQQLSDNQSDIDSLRGQIQENQYQLNQVVERQKQILLQI,SVEDRVTQLERISNAHSQLLTQLQQQLSDNQSDIDSLRGQIQENQYQLNQVVERQKQILLQIDSLS,True,False,True,0.0433124265742031,0.9360810934557386,0.0206064799700581,0.970022614633622,0.938180291240636,1.19752181472497,1.30118722328999,61,defgabcdefgabcdefgabcdefgabcdefgabcdefgabcdefgabcdefgabcdefga,VEDRVTQLERISNAHSQLLTQLQQQLSDNQSDIDSLRGQIQENQYQLNQVVERQKQILLQI,0,1,1,1,2xdj,3.0,0.0,0.7821597,1
205,1mof,0.5471698113207547,3,LREVEKSISNLEKSLTSLSEVVLQNRRGL,DLREVEKSISNLEKSLTSLSEVVLQNRRGLDLLFLKEGGLCAALKEECAFYAD,False,False,True,0.2485344598473467,0.3615451163274994,0.3899204238251538,0.96691016241774,0.830129611189459,1.09739498886124,1.72882345789052,29,abcdefgabcdefgabcdefgabcdefga,LREVEKSISNLEKSLTSLSEVVLQNRRGL,0,1,2,1,1mof,3.0,0.0,0.77104855,1
206,3vn0,0.75,2,ILRLKQINIQLATKIQHLEFSSSEKEQEIERLNKLL,GSERQILRLKQINIQLATKIQHLEFSSSEKEQEIERLNKLLKQNGLLG,True,False,True,0.9171568689470344,0.0821533652671159,0.0006897657858495,0.944514782482375,1.13776907692128,1.22103260278849,0.87986595620643,36,abcdefgabcdefgabcdefgabcdefgabcdefga,ILRLKQINIQLATKIQHLEFSSSEKEQEIERLNKLL,0,2,0,0,3vn0,2.0,1.0,0.9574573,0
207,7bgf,0.8928571428571429,2,VQGLQVKVTKLKQERILDAQRLEEFFTKNQQLREQQKVLHETIKVLEDRLRAGLADRAAVTEEHMRKKQQEFENIRQQNLKLITELMNERNTLQEENKKL,HDREVQGLQVKVTKLKQERILDAQRLEEFFTKNQQLREQQKVLHETIKVLEDRLRAGLADRAAVTEEHMRKKQQEFENIRQQNLKLITELMNERNTLQEENKKLSEQL,True,False,True,0.9927013196436484,0.0072668884651316,3.179189122000298e-05,0.966903193051691,1.14623071498663,0.874370513027444,0.908391051192302,100,abcdefgabcdefgabcdefgabcdefgabcdefgabcdefgabcdefgabcdefgabcdefgabcdefgabcdefgabcdefgabcdefgabcdefgab,VQGLQVKVTKLKQERILDAQRLEEFFTKNQQLREQQKVLHETIKVLEDRLRAGLADRAAVTEEHMRKKQQEFENIRQQNLKLITELMNERNTLQEENKKL,0,0,0,0,7bgf,2.0,1.0,0.7955779,0
208,1uii,0.7704918032786885,2,WKEVAEKRRKALYEALKENEKLHKEIEQKDNEIARLKKENKELAEVA,ENPSSQYWKEVAEKRRKALYEALKENEKLHKEIEQKDNEIARLKKENKELAEVAEHVQYMA,False,False,True,0.9580088032714872,0.0416953610370603,0.0002958356914523,0.735933043076871,1.92572696771606,0.73640849210568,0.502650832220101,47,defgabcdefgabcdefgabcdefgabcdefgabcdefgabcdefga,WKEVAEKRRKALYEALKENEKLHKEIEQKDNEIARLKKENKELAEVA,0,0,0,0,1uii,2.0,1.0,0.95937765,0
209,3uia,0.8113207547169812,3,LSGIVQQQNNLLRAIEAQQHLLQLTVWGLKQIQARILAVERYL,QARQLLSGIVQQQNNLLRAIEAQQHLLQLTVWGLKQIQARILAVERYLKDQQ,True,False,True,0.2278816096285199,0.70417832062128,0.0679400697502,1.06140026345617,0.722319660684814,1.06881665196354,1.30286672392108,43,abcdefgabcdefgabcdefgabcdefgabcdefgabcdefga,LSGIVQQQNNLLRAIEAQQHLLQLTVWGLKQIQARILAVERYL,0,1,1,1,3uia,3.0,0.0,0.5214293,1
210,5jvm,0.573170731707317,2,KDTLLREFQEEIARLKAQLEKKGMLVEDLEKERDFYFGKLRNIELIC,LSNEDPKDTLLREFQEEIARLKAQLEKKGMLVEDLEKERDFYFGKLRNIELICQENEGENDPVLQRIVDILYATDEGFV,True,False,True,0.8478362981357133,0.1521536489818146,1.0052882472151195e-05,0.906276207587271,1.34984800609649,0.828385608379612,0.811679041450093,47,defgabcdefgabcdefgabcdefgabcdefgabcdefgabcdefga,KDTLLREFQEEIARLKAQLEKKGMLVEDLEKERDFYFGKLRNIELIC,0,0,0,0,5jvm,2.0,1.0,0.9094447,0
211,4h7r,0.8064516129032258,4,IKAIAQEIKAIAKEIKAIAWEIKAI,GEIKAIAQEIKAIAKEIKAIAWEIKAIAQGY,False,False,True,8.156923777107567e-08,0.3992715367880496,0.6007283816427125,0.932907760667718,0.750142477413387,3.23719233049813,0.780508921429048,25,defgabcdefgabcdefgabcdefg,IKAIAQEIKAIAKEIKAIAWEIKAI,0,2,2,2,4h7r,4.0,0.0,0.50269186,2
212,3h7z,0.6229508196721312,3,LKTANSYTDVTVSNSTKKAIRESNQYTDHKFHQLDNRL,HTLKTANSYTDVTVSNSTKKAIRESNQYTDHKFHQLDNRLDKLDTRLLKLLASSAALNSLL,False,False,True,1.1066596665537138e-05,0.6298209628635878,0.3701679705397466,1.06236633526029,0.861163726599792,1.06120548822437,0.872252003467766,38,gabcdefgabcdefgabcdefgabcdefgabcdefgab,LKTANSYTDVTVSNSTKKAIRESNQYTDHKFHQLDNRL,0,0,1,1,3h7z,3.0,0.0,0.36823153,1
213,6nv1,0.8260869565217391,4,LAVAASIIGILHLILWILD,DPLAVAASIIGILHLILWILDRL,False,False,True,8.128106968555963e-05,0.0041907576171573,0.995727961313157,1.09341358498426,0.726408110413119,1.41150780527356,0.790523062406477,19,gabcdefgabcdefgabcd,LAVAASIIGILHLILWILD,0,2,2,2,6nv1,4.0,0.0,0.35261643,2
214,5d60,0.9272727272727272,4,QIAALSESLQATQQQLQALQQQCYELEKTNRLLVSEVMTLQKMVKAQNQAS,SQQQIAALSESLQATQQQLQALQQQCYELEKTNRLLVSEVMTLQKMVKAQNQASN,True,False,True,0.251357219893611,0.1979029117132189,0.5507398683931701,0.938147007896252,1.10421734593001,0.94291362599171,1.22737576252157,51,gabcdefgabcdefgabcdefgabcdefgabcdefgabcdefgabcdefga,QIAALSESLQATQQQLQALQQQCYELEKTNRLLVSEVMTLQKMVKAQNQAS,0,1,2,2,5d60,2.0,1.0,0.79061097,0
215,2o1k,0.8372093023255814,4,MDRVVKEMRRQLEMIDKLTTREIEQVELLKRIYDKL,IEKQMDRVVKEMRRQLEMIDKLTTREIEQVELLKRIYDKLTVQ,False,False,True,0.0099900026736179,0.0181727662784516,0.9718372310479304,0.998806534577948,0.904683199017755,1.22865367112722,1.14599506140117,36,abcdefgabcdefgabcdefgabcdefgabcdefga,MDRVVKEMRRQLEMIDKLTTREIEQVELLKRIYDKL,0,2,2,2,2o1k,4.0,0.0,0.8496676,2
216,2o1j,0.6590909090909091,4,MRRQLEMIDKLTTREIEQVELLKRIYDKL,IETQMDRVVKEMRRQLEMIDKLTTREIEQVELLKRIYDKLTVR,True,False,True,0.000350787932305,0.2494516272579717,0.7501975848097231,0.981225892207359,0.901591715701473,1.29253242321965,1.25623449403941,29,abcdefgabcdefgabcdefgabcdefga,MRRQLEMIDKLTTREIEQVELLKRIYDKL,0,2,2,2,2o1j,4.0,0.0,0.81473774,2
217,6qp4,0.6560509554140127,3,LHALATVVAQNKADIKDLDDEVGLLGEEINSLEGEIFNNQDAIAKNQADIKTLESNVEEGLLDLSGRLLDQKADIDNNINNIYELAQQQDQHSSDIKTLKNNV,TGNGTVSVGKKGKERQIVHVGAGEISDTSTDAVNGSQLHALATVVAQNKADIKDLDDEVGLLGEEINSLEGEIFNNQDAIAKNQADIKTLESNVEEGLLDLSGRLLDQKADIDNNINNIYELAQQQDQHSSDIKTLKNNVEEGLLDLSGRLIDL,True,False,True,0.1746346642639075,0.6917224679990267,0.1336428677370657,0.970780793342828,0.932259895074767,0.993135467061203,1.45405597981394,103,abcdefgabcdefgabcdefgabcdefgabcdefgabcdefgabcdefgabcdefgabcdefgabcdefgabcdefgabcdefgabcdefgabcdefgabcde,LHALATVVAQNKADIKDLDDEVGLLGEEINSLEGEIFNNQDAIAKNQADIKTLESNVEEGLLDLSGRLLDQKADIDNNINNIYELAQQQDQHSSDIKTLKNNV,0,1,1,1,6qp4,3.0,0.0,0.94299096,1
218,5k7b,0.9310344827586208,2,LRAELRDLELEEARLVQELEDVDRNNARAAADLQAAQAEAAELDQQERQHYRDYSALKRQQLELLDQLGNVENQLQYARVQ,AALRAELRDLELEEARLVQELEDVDRNNARAAADLQAAQAEAAELDQQERQHYRDYSALKRQQLELLDQLGNVENQLQYARVQRDRL,True,False,False,0.9989912826623198,0.0003567636269322,0.0006519537107478,1.02266080347356,0.972361278360403,0.946694084554066,0.935358073707531,81,defgabcdefgabcdefgabcdefgabcdefgabcdefgabcdefgabcdefgabcdefgabcdefgabcdefgabcdefg,LRAELRDLELEEARLVQELEDVDRNNARAAADLQAAQAEAAELDQQERQHYRDYSALKRQQLELLDQLGNVENQLQYARVQ,0,0,0,0,5k7b,2.0,1.0,0.6007845,0
219,3k7z,0.5806451612903226,3,LEDKVEELLSKAYHLENE,KQLEDKVEELLSKAYHLENEVARLKKLVG,True,False,False,0.1134396947617379,0.6459879890689947,0.2405723161692673,0.764817941763896,1.20934438301406,0.738366402767003,2.47133579906756,18,defgabcdefgabcdefg,LEDKVEELLSKAYHLENE,0,1,1,1,3k7z,2.0,1.0,0.81208026,0
220,1piq,0.8064516129032256,3,MKQIEDKIEEILSKQYHIENEIARI,RMKQIEDKIEEILSKQYHIENEIARIKKLIG,False,False,True,0.0007340950669974,0.9665390140802596,0.0327268908527429,0.921168724114571,0.827635759299688,0.894299957670324,2.25306252343968,25,abcdefgabcdefgabcdefgabcd,MKQIEDKIEEILSKQYHIENEIARI,0,1,1,1,1piq,4.0,0.0,0.67712,2
221,6wsm,0.5675675675675675,2,VKETELELKEKERELHEKFEHLKRVHQEEKRKVEEKRRELEE,SELQRKEEEMRQMFVNKVKETELELKEKERELHEKFEHLKRVHQEEKRKVEEKRRELEEETNAFNRRKAAVEAL,False,False,False,0.988757039918451,0.0110723353463378,0.0001706247352111,0.9920207254156,1.06087253271562,1.12366389842718,0.792856981393255,42,defgabcdefgabcdefgabcdefgabcdefgabcdefgabc,VKETELELKEKERELHEKFEHLKRVHQEEKRKVEEKRRELEE,0,2,0,0,6wsm,2.0,1.0,0.41937283,0
222,1eq7,0.8214285714285715,3,IDQLSSDVQTLNAKVDQLSNDVNAMRSDVQAAKDDAARANQRLDNM,SSNAKIDQLSSDVQTLNAKVDQLSNDVNAMRSDVQAAKDDAARANQRLDNMATKYR,False,False,True,0.1262705908775689,0.5193838099046665,0.3543455992177645,0.886527845070761,1.00264638328726,1.07777529308459,1.87243092214744,46,abcdefgabcdefgabcdefgabcdefgabcdefgabcdefgabcd,IDQLSSDVQTLNAKVDQLSNDVNAMRSDVQAAKDDAARANQRLDNM,0,1,1,1,1eq7,3.0,0.0,0.93360126,1
223,1zvb,0.6470588235294118,3,LSSNFGAISSVLNDILSRLDKV,LNTLVKQLSSNFGAISSVLNDILSRLDKVEAEV,True,False,True,0.0001276151797785,0.1125708289399175,0.8873015558803038,0.931568618753167,0.714330617005516,1.78494315061568,1.90280317626049,22,defgabcdefgabcdefgabcd,LSSNFGAISSVLNDILSRLDKV,0,1,2,1,1zvb,4.0,0.0,0.83731496,2
224,2q5u,0.7333333333333333,3,IEDKIEEIESKQKKIENEIARIKKLLQLTVWGI,RMKQIEDKIEEIESKQKKIENEIARIKKLLQLTVWGIKQLQARIL,False,False,True,0.0125780285976821,0.9432950253021216,0.0441269461001962,0.973007857001025,0.737428277749126,1.16277965644504,1.9192575047402,33,defgabcdefgabcdefgabcdefgabcdefga,IEDKIEEIESKQKKIENEIARIKKLLQLTVWGI,0,1,1,1,2q5u,4.0,0.0,0.7729917,2
225,6q5q,0.71875,4,LEAIAQKLEAIAKKLEAIAWKLE,GKLEAIAQKLEAIAKKLEAIAWKLEAIAQGAG,False,False,False,2.461558192088779e-05,0.0184408173387975,0.9815345670792816,0.998299530225608,0.716085353299674,1.78214562564599,1.34994304971271,23,abcdefgabcdefgabcdefgab,LEAIAQKLEAIAKKLEAIAWKLE,0,2,2,2,6q5q,4.0,0.0,0.5796736,2
226,6q5s,0.8,4,LEALAQELEALAKKLKALAWKLKA,GELEALAQELEALAKKLKALAWKLKALAQG,False,False,False,0.0378525725836837,0.0009058900438241,0.9612415373724922,1.03755823606128,0.933193375372012,0.93439209703909,0.941902075986555,24,abcdefgabcdefgabcdefgabc,LEALAQELEALAKKLKALAWKLKA,0,0,2,2,6q5s,2.0,1.0,0.51126426,0
227,6q5o,0.8,4,LKALAQELKALAKELKALAWELKA,GELKALAQELKALAKELKALAWELKALAKG,False,False,False,0.0006945715313591,0.0002608336850036,0.9990445947836372,1.02954667207325,1.02910601557082,0.807676872686535,0.799596904652178,24,abcdefgabcdefgabcdefgabc,LKALAQELKALAKELKALAWELKA,0,0,2,2,6q5o,2.0,1.0,0.6512408,0
228,6mcd,0.8888888888888888,3,WEALEKKLAACESKAQALEKKLQALEKKLEAL,EWEALEKKLAACESKAQALEKKLQALEKKLEALEHG,False,False,True,0.0562875162318469,0.9427832500970604,0.0009292336710927,0.960357034510267,1.00454996402051,0.811045613091536,1.44257740552453,32,abcdefgabcdefgabcdefgabcdefgabcd,WEALEKKLAACESKAQALEKKLQALEKKLEAL,0,1,1,1,6mcd,3.0,0.0,0.6133968,1
229,3u1c,0.8613861386138614,2,MQMLKLDKENALDRAEQAEADKKAAEERSKQLEDDIVQLEKQLRVTEDSRDQVLEELHKSEDSLLFAEENAAKAESEVASLNRRIQL,AGHMDAIKKKMQMLKLDKENALDRAEQAEADKKAAEERSKQLEDDIVQLEKQLRVTEDSRDQVLEELHKSEDSLLFAEENAAKAESEVASLNRRIQLVEEE,False,False,False,0.9920049477576616,7.94834509958342e-05,0.0079155687913423,0.956798087867275,1.15271011103932,0.939539233431216,0.926700323576779,87,abcdefgabcdefgabcdefgabcdefgabcdefgabcdefgabcdefgabcdefgabcdefgabcdefgabcdefgabcdefgabc,MQMLKLDKENALDRAEQAEADKKAAEERSKQLEDDIVQLEKQLRVTEDSRDQVLEELHKSEDSLLFAEENAAKAESEVASLNRRIQL,0,0,0,0,3u1c,2.0,1.0,0.8397242,0
230,3u1a,0.8536585365853658,2,KKKMQMLKLDKENALDRAEQAEADKKAAEERSKQLEDDIVQLEKQLRVTEDSRDQVLEELHKSEDSLLF,HMDAIKKKMQMLKLDKENALDRAEQAEADKKAAEERSKQLEDDIVQLEKQLRVTEDSRDQVLEELHKSEDSLLFAEENAAKA,True,True,True,0.8794535342844083,0.0001569522299601,0.1203895134856314,0.947570448037713,1.15077887456705,1.06251146625468,0.923867989121375,70,defgabcdefgabcdefgabcdefgabcdefgabcdefgabcdefgabcdefgabcdefgabcdefgabc,IKKKMQMLKLDKENALDRAEQAEADKKAAEERSKQLEDDIVQLEKQLRVTEDSRDQVLEELHKSEDSLLF,1,0,0,0,3u1a,2.0,1.0,0.8122243,0
231,5fcn,0.7222222222222222,2,REHSDQHVKELKTSLKKCARETADLKFLNNQYAHKLKLL,GSNNELYLELMKLREHSDQHVKELKTSLKKCARETADLKFLNNQYAHKLKLLE,True,False,True,0.9777217995818358,0.0074543869287355,0.0148238134894284,0.981914328354456,1.09011311793346,1.0018360171406,0.869907943564534,39,abcdefgabcdefgabcdefgabcdefgabcdefgabcd,REHSDQHVKELKTSLKKCARETADLKFLNNQYAHKLKLL,0,0,0,0,5fcn,2.0,1.0,0.93552274,0
232,1ybk,0.7115384615384616,4,ADDIVYRLTVIIDDRYESLKNLITLRADRLEMIINDN,INETADDIVYRLTVIIDDRYESLKNLITLRADRLEMIINDNVSTILASI,True,False,True,7.220643637139703e-06,0.7109861712893556,0.2890066080670072,1.05345057663845,0.905603934098033,1.15021829972576,0.747343792763309,37,gabcdefgabcdefgabcdefgabcdefgabcdefga,ADDIVYRLTVIIDDRYESLKNLITLRADRLEMIINDN,0,2,1,2,1ybk,4.0,0.0,0.42848042,2
233,3twe,0.6538461538461539,4,YKELEDLQERLRKLRK,NADELYKELEDLQERLRKLRKKLRS,True,True,False,0.4865629765880309,9.302030956137668e-07,0.5134360932088734,0.807867102851054,0.944184673550991,2.960633339754,1.40252278994085,17,defgabcdefgabcdef,LYKELEDLQERLRKLRK,1,2,2,2,3twe,2.0,1.0,0.60432494,0
234,5d5y,0.84,4,AALSESLQATQQQLQALQQQCYELEKTNRLLVSEVMTLQKM,SQQQIAALSESLQATQQQLQALQQQCYELEKTNRLLVSEVMTLQKMVKAQ,False,True,True,0.2694894027404267,0.1407795176756213,0.589731079583952,0.929855412161202,1.16069564704809,0.924161067684955,1.13450108742578,42,abcdefgabcdefgabcdefgabcdefgabcdefgabcdefg,IAALSESLQATQQQLQALQQQCYELEKTNRLLVSEVMTLQKM,1,0,2,2,5d5y,2.0,1.0,0.91776633,0
235,3m06,0.5806451612903226,3,LLQRCESLEKKTATFENIVCVLNREVERVAMTAEAC,ELLQRCESLEKKTATFENIVCVLNREVERVAMTAEACSRQHRLDQDKIEALSSKVQQLERSI,False,False,True,0.4455461550850251,0.552214075480489,0.0022397694344859,0.953869293907805,1.14835177175831,1.11392470603805,0.844056836153866,36,defgabcdefgabcdefgabcdefgabcdefgabcd,LLQRCESLEKKTATFENIVCVLNREVERVAMTAEAC,0,0,1,1,3m06,2.0,1.0,0.84373635,0
236,4zqa,0.6046511627906976,2,YQKRMKKLDQQYRERIRNAELFLQLETEQVERNYIKEKKAAVKEFEDKKVEL,SNAGTLQEYQKRMKKLDQQYRERIRNAELFLQLETEQVERNYIKEKKAAVKEFEDKKVELKENLIAELEEKKKMIENEKLTMELTG,False,False,False,0.9840733512202122,0.0159158251773277,1.0823602460027644e-05,1.05097081275414,0.952196169761506,0.893319497898641,0.80122175322819,52,cdefgabcdefgabcdefgabcdefgabcdefgabcdefgabcdefgabcde,YQKRMKKLDQQYRERIRNAELFLQLETEQVERNYIKEKKAAVKEFEDKKVEL,0,0,0,0,4zqa,2.0,0.0,0.45764455,0
237,4njl,0.5813953488372093,3,QQVLSENQKLIANKFNQALGAMQTGFTTTNEAFQKVQDAVNNNAQALSKLASELSNTFGAISASIGDIIQRLDVL,ITQQVLSENQKLIANKFNQALGAMQTGFTTTNEAFQKVQDAVNNNAQALSKLASELSNTFGAISASIGDIIQRLDVLEQSGGRGGSIPNFGSLTQINTTLLDLTYEMLSLQQVVKALNESYIDLKELGN,False,False,True,0.0664983637686274,0.8693289529640881,0.0641726832672845,1.00318389274577,0.937917191698057,1.12484578970053,1.07907771412333,75,defgabcdefgabcdefgabcdefgabcdefgabcdefgabcdefgabcdefgabcdefgabcdefgabcdefga,QQVLSENQKLIANKFNQALGAMQTGFTTTNEAFQKVQDAVNNNAQALSKLASELSNTFGAISASIGDIIQRLDVL,0,2,1,1,4njl,4.0,0.0,0.53764415,2
238,4nj0,0.8620689655172413,2,MKQLEDKIEELLSKNYHLENEVARL,RMKQLEDKIEELLSKNYHLENEVARLKKLV,True,False,True,0.950066648607562,0.0415183524583874,0.0084149989340505,0.790277262411773,1.36972283478451,0.604733891960934,1.85956121000324,25,abcdefgabcdefgabcdefgabcd,MKQLEDKIEELLSKNYHLENEVARL,0,1,0,0,4nj0,2.0,1.0,0.96131825,0
239,4nj2,0.8787878787878788,2,MKQLEDKIEELLSKNYHLENEIARLKKLI,RMKQLEDKIEELLSKNYHLENEIARLKKLIGER,False,False,True,0.5576148650309468,0.3039659802298454,0.1384191547392076,0.823896455494752,1.3711240696233,0.598903073684878,1.58248227074452,29,abcdefgabcdefgabcdefgabcdefga,MKQLEDKIEELLSKNYHLENEIARLKKLI,0,1,0,0,4nj2,2.0,1.0,0.9633522,0
240,4nj1,0.8064516129032258,2,MKQLEDKIEELLSKNYHLENEIARL,RMKQLEDKIEELLSKNYHLENEIARLKKLVG,True,False,True,0.8062515072324186,0.1691494766477984,0.024599016119783,0.827599749146451,1.30856182008915,0.61373807597485,1.73458165705575,25,abcdefgabcdefgabcdefgabcd,MKQLEDKIEELLSKNYHLENEIARL,0,1,0,0,4nj1,2.0,1.0,0.96978956,0
241,5kb1,0.8888888888888888,3,WEALEKKLAALESKCQALEKKLQALEKKHEAL,EWEALEKKLAALESKCQALEKKLQALEKKHEALEHG,False,False,True,0.0043772925465616,0.9881335722633704,0.007489135190068,0.955279030266057,1.02346709499974,0.834725430760109,1.40976198430866,32,abcdefgabcdefgabcdefgabcdefgabcd,WEALEKKLAALESKCQALEKKLQALEKKHEAL,0,1,1,1,5kb1,3.0,0.0,0.48701152,1
242,4h22,0.8765432098765432,2,YKKAMVSNAQLDNEKTNFMYQVDTLKDMLLELEEQLAESRRQYEEKNKEFEREKHAHSILQFQFAEVKEAL,EEKYKKAMVSNAQLDNEKTNFMYQVDTLKDMLLELEEQLAESRRQYEEKNKEFEREKHAHSILQFQFAEVKEALKQREEML,True,False,True,0.9946189834864828,6.225356487391555e-05,0.0053187629486435,0.980931833032837,1.11160808376483,0.948639555479618,0.848414099014634,71,abcdefgabcdefgabcdefgabcdefgabcdefgabcdefgabcdefgabcdefgabcdefgabcdefga,YKKAMVSNAQLDNEKTNFMYQVDTLKDMLLELEEQLAESRRQYEEKNKEFEREKHAHSILQFQFAEVKEAL,0,0,0,0,4h22,2.0,1.0,0.960981,0
243,1kyc,0.8000000000000002,3,LRRRIEELERRI,EELRRRIEELERRIR,False,False,True,1.897120942215985e-05,0.7557149824389968,0.2442660463515809,0.0,0.0,0.0,0.0,0,defgabcdefga,LRRRIEELERRI,0,1,1,1,1kyc,3.0,0.0,0.4471403,1
244,2zfc,0.9090909090909092,3,LVQQQNNILRALEATQHAVQALVWGVKQLQARVLALERYI,VSGLVQQQNNILRALEATQHAVQALVWGVKQLQARVLALERYIK,False,False,True,0.0148166576544106,0.6908423494671961,0.2943409928783932,0.921844976039305,1.00612480659684,1.19217102598552,1.49211056084308,40,defgabcdefgabcdefgabcdefgabcdefgabcdefga,LVQQQNNILRALEATQHAVQALVWGVKQLQARVLALERYI,0,1,1,1,2zfc,3.0,0.0,0.64346176,1
245,5djn,0.8311688311688312,2,IRELREEVEKLREQLSQAEAMKAELKEKLEESEKLIKELTVTWEEKLRKTEAIAQERQRQLESM,PNAKVIRELREEVEKLREQLSQAEAMKAELKEKLEESEKLIKELTVTWEEKLRKTEAIAQERQRQLESMGISLETSG,True,False,True,0.6542287063057618,0.3457637039618172,7.589732421015225e-06,0.942183657693983,1.15624509577736,0.905685468826979,1.05945525054453,64,abcdefgabcdefgabcdefgabcdefgabcdefgabcdefgabcdefgabcdefgabcdefga,IRELREEVEKLREQLSQAEAMKAELKEKLEESEKLIKELTVTWEEKLRKTEAIAQERQRQLESM,0,0,0,0,5djn,2.0,1.0,0.81818646,0
