,pdb,cc_cov,chains,cc_sequence,full_sequence,full_seq_corr,cc_seq_corr,parallel,y,y_pred,prob_dimer,prob_trimer,prob_tetramer
0,3e7k,0.8518518518518519,4,TFERVEQMSIQIKEVGDRVNYIKRSLQSLDSQIGHLQDLSALTVDT,SRVTFERVEQMSIQIKEVGDRVNYIKRSLQSLDSQIGHLQDLSALTVDTLKT,True,False,False,2,0,4.972232396997545e-06,0.03608568571183302,0.9639093420557701
1,1use,0.55,4,YSDLQRVKQELLEEVKKELQKV,SSDYSDLQRVKQELLEEVKKELQKVKEEIIEAFVQELRKR,False,False,True,2,0,0.011787572943761194,0.012667103187073805,0.975545323869165
2,6us8,0.8260869565217391,4,LVVAASIIGILHLILWILD,DPLVVAASIIGILHLILWILDRL,True,False,True,2,0,2.266016673741731e-06,0.006384915382606475,0.9936128186007197
3,5kht,0.8936170212765957,2,DAIKKKMQMLKLDKENALDRAEQAEADNYHLENEVARLKKL,GMDAIKKKMQMLKLDKENALDRAEQAEADNYHLENEVARLKKLVGER,False,True,True,0,0,0.9988363662175646,0.0010777993083852812,8.583447405027715e-05
4,5c9n,0.671875,2,CSWEEAQLSSQLYRNKQLQDTLVQKEEELARLHEENNHLRQYL,LPDLCSWEEAQLSSQLYRNKQLQDTLVQKEEELARLHEENNHLRQYLNSALVKCEEEKAKK,True,False,True,0,0,0.9958468976121617,0.00020061341432816483,0.003952488973510119
5,1c94,0.6756756756756757,2,LKKLRAVENELHYNKSLLEEVKDE,GGREGVLKKLRAVENELHYNKSLLEEVKDELQKMRQL,False,True,True,0,0,0.9912311930015708,0.002739810554894558,0.006028996443534736
6,3a2a,0.8780487804878049,2,LLRLKQMNVQLAAKIQHLEFSCSEKEQEIERLNKLL,RQLLRLKQMNVQLAAKIQHLEFSCSEKEQEIERLNKLLRQH,False,False,True,0,0,0.9854868840517924,6.448454385958692e-05,0.01444863140434818
7,7bji,0.8292682926829268,2,YKTENARLVKENNEMHLGLLKLREEKDRISRELKAYIRKLDHETSDLKFLNNQYVQKVRSLEKDSNGK,NVDAILEPYKTENARLVKENNEMHLGLLKLREEKDRISRELKAYIRKLDHETSDLKFLNNQYVQKVRSLEKDSNGKTERI,True,False,True,0,0,0.9998567887279689,8.539895939419683e-05,5.7812312636902764e-05
8,3bj4,0.8918918918918919,4,IGARLNRVEDKVTQLDQRLALITDMLHQLLSLH,SNTIGARLNRVEDKVTQLDQRLALITDMLHQLLSLHG,True,False,True,2,0,8.304673205275685e-06,0.05909831592682988,0.9408933793999649
9,4w80,0.59375,4,EDQEKLKTELRKTSDALSKAQNDVMEMKMQSERLSK,ECVLEAENKKLVEDQEKLKTELRKTSDALSKAQNDVMEMKMQSERLSKEYDQLLKEHS,True,True,False,2,0,0.011427920611784928,0.017683979838522636,0.9708880995496925
10,3w8v,0.90625,3,VARLEKKVSALEKKVAGLEKEVARLKKLV,RVARLEKKVSALEKKVAGLEKEVARLKKLVGE,False,False,True,1,1,0.00031466824987577365,0.9996853316931378,5.6986378395916214e-11
11,5k9l,0.9101123595505618,2,LRAELRDLELEEARLVQELEDVDRNLARAAADLQAAQAEAAELDQQERQHYRDYSALKRQQLELLDQLGNVENQLQYARVQ,EAAALRAELRDLELEEARLVQELEDVDRNLARAAADLQAAQAEAAELDQQERQHYRDYSALKRQQLELLDQLGNVENQLQYARVQRDRL,True,False,False,0,0,0.9985213755219462,0.0004099255957585489,0.0010686988822953634
12,5k92,0.8620689655172414,3,WEALEKKLAALESKCQALEKKLEAL,EWEALEKKLAALESKCQALEKKLEALEHG,False,False,True,1,1,0.00018250710965872827,0.9965242181843,0.0032932747060412035
13,6osd,0.7575757575757575,3,VEALEKKVEALEFKVQKLEKKVEAL,EVEALEKKVEALEFKVQKLEKKVEALEHGWDGR,False,False,True,1,1,0.00013339360244947522,0.9998620764569781,4.529940572569775e-06
14,1jcd,0.84,3,DQASSDAQTANAKADQASNDANAARSDAQAAKDDAARANQR,NAKADQASSDAQTANAKADQASNDANAARSDAQAAKDDAARANQRADNAA,True,True,True,1,1,1.9188537632689128e-07,0.99485825574006,0.005141552374563551
15,1jcc,0.7200000000000001,3,AQTANAKADQASNDANAARSDAQAAKDDAARANQR,SSNAKIDQLSSDAQTANAKADQASNDANAARSDAQAAKDDAARANQRLDNM,True,True,True,1,1,6.869108553611397e-06,0.999917194634852,7.593625659452552e-05
16,1zik,0.8333333333333334,2,MKQLEDKVEELLSKKYHLENEVARL,RMKQLEDKVEELLSKKYHLENEVARLKKLV,False,False,True,0,0,0.9264782780628609,0.07098562675696526,0.0025360951801738575
17,1zil,0.8333333333333334,2,MKQLEDKVEELLSKQYHLENEVARL,RMKQLEDKVEELLSKQYHLENEVARLKKLV,False,False,True,0,0,0.9244695848342637,0.07074535267283671,0.004785062492899708
18,1zim,0.6875,3,LEDKVEELLSKQYHLENEVARL,RMKQLEDKVEELLSKQYHLENEVARLKKLVGE,False,False,True,1,0,0.02406578898437054,0.9691828093890951,0.006751401626534384
19,4zxq,0.6785714285714285,3,VGAIAGKANEAGQGAYDAQVKNDEQDVELADHEARIKQLRIDVDDHESRITANTKAITALNVRVTTAEGEIASLQTNVSALDGRVTTAENNISAL,MADPSLNNPVVIQATRLDASILPRNVFSKSYLLYVIAQGTDVGAIAGKANEAGQGAYDAQVKNDEQDVELADHEARIKQLRIDVDDHESRITANTKAITALNVRVTTAEGEIASLQTNVSALDGRVTTAENNISALQADY,False,False,True,1,1,0.0023051304395992245,0.9976888435320631,6.026028337746883e-06
20,6u47,0.7575757575757575,3,VEALEKKVEALEAKVQKLEKKVEAL,EVEALEKKVEALEAKVQKLEKKVEALEHGWDGR,False,False,True,1,1,6.05677916739077e-05,0.999936165528302,3.266680023916159e-06
21,1kfn,0.8867924528301887,3,SNAKIDQLSSDVQTLNAKVDQASNDANAARSDAQAAKDDAARANQRL,SSNAKIDQLSSDVQTLNAKVDQASNDANAARSDAQAAKDDAARANQRLDNMAT,False,False,True,1,1,7.26987738018775e-07,0.9978991513251737,0.002100121687088191
22,1kfm,0.86,3,IDQLSSDVQTLNAKVDQLSNDVNAARSDAQAAKDDAARANQRL,SNAKIDQLSSDVQTLNAKVDQLSNDVNAARSDAQAAKDDAARANQRLDNM,False,False,True,1,1,2.490252983908811e-07,0.9981365715122201,0.0018631794624815736
23,6snz,0.8625,2,IKAAYEAELGDARKTLDSVAKERARLQLELSKVREEFKELKARNTKKEGDLIAAQARLKDLEALLNSKEAALSTALSEKRTLEGELHDLRGQVAKLEAALGEAKKQLQDEMLRRVDAENRLQTMKEELDFQKNIYSEE,GSESEEVVSREVSGIKAAYEAELGDARKTLDSVAKERARLQLELSKVREEFKELKARNTKKEGDLIAAQARLKDLEALLNSKEAALSTALSEKRTLEGELHDLRGQVAKLEAALGEAKKQLQDEMLRRVDAENRLQTMKEELDFQKNIYSEELRE,True,False,True,0,0,0.9782410826848115,0.021649261655035206,0.00010965566015351744
24,2akf,0.8125,3,LEEDVRNLNAIVQKLQERLDRLEETV,VSRLEEDVRNLNAIVQKLQERLDRLEETVQAK,False,False,True,1,1,0.0016633957867719438,0.9885857651301714,0.009750839083056587
25,2o7h,0.7878787878787877,3,LEDKVEELLSKNYHLENRVARLEKLV,MKQLEDKVEELLSKNYHLENRVARLEKLVG,True,False,True,1,1,0.004149564985409472,0.9792633731883846,0.016587061826205896
26,3q8t,0.925531914893617,2,SEQLQRELKELALEEERLIQELEDVEKNRKVVAENLEKVQAEAERLDQEEAQYQREYSEFKRQQLELDDELKSVENQMRYAQMQLDK,GSDSEQLQRELKELALEEERLIQELEDVEKNRKVVAENLEKVQAEAERLDQEEAQYQREYSEFKRQQLELDDELKSVENQMRYAQMQLDKLKK,True,False,False,0,0,0.999566298969573,0.0001932291101563196,0.00024047192027059445
27,3hro,0.7837837837837838,3,FQVLVRRVDRMEHSIGSIVSKIDAVIVKL,VSYEEFQVLVRRVDRMEHSIGSIVSKIDAVIVKLEIM,False,False,True,1,1,8.902925859763396e-08,0.9944383303713236,0.005561580599417902
28,3hrn,0.5714285714285714,3,FQVLVRRVDRMEHSIGSIVSKIDAVIVKLEIMERAK,GVSYEEFQVLVRRVDRMEHSIGSIVSKIDAVIVKLEIMERAKLKRREVLGRLLDGVAEDERLG,False,False,True,1,1,0.00843089390061216,0.9826510517429425,0.0089180543564453
29,3gjp,0.7142857142857143,3,MKQLEDKVEELLSKNYHLENEIARI,GSRMKQLEDKVEELLSKNYHLENEIARIKKLVGE,True,False,True,1,1,0.034418787938605,0.9648043443940594,0.00077686766733562
30,5vr2,0.86,2,LEAAYNNLLRDKSALEEEKRQLEQENEDLARRLESSSEEVTRL,RDLEAAYNNLLRDKSALEEEKRQLEQENEDLARRLESSSEEVTRLRRGQC,False,False,True,0,0,0.9831872177429725,0.01648648512544499,0.00032629713158235685
31,2r2v,0.6666666666666666,4,ADKLEEVASKLYHNANELARVA,KLKQVADKLEEVASKLYHNANELARVAKLLGE,True,False,False,2,0,0.0035727570123141863,0.0042432130530533855,0.9921840299346324
32,6r2f,0.78125,2,KEINLMLSTYAKLLSERAAVDASYIDEIDELFKEANAIENALIQK,EKDLNDVSKEINLMLSTYAKLLSERAAVDASYIDEIDELFKEANAIENALIQKREELRQRFTAI,False,True,False,0,0,0.9800845613280273,0.003929082453460568,0.015986356218512115
33,2wpz,0.935483870967742,3,MKQLEDKVEENLSKVYHNENEVARLKKLV,RMKQLEDKVEENLSKVYHNENEVARLKKLVG,True,False,True,1,1,0.020808780077436296,0.9789486045366881,0.00024261538587575621
34,2wpy,0.90625,3,MKQLEDKVEELLSKVYHNENEVARLKKLV,RMKQLEDKVEELLSKVYHNENEVARLKKLVGE,False,False,True,1,1,0.004765857217126154,0.9944264973991717,0.0008076453837022345
35,2wpq,0.9292929292929294,3,IEDKIEEILSKIYHIENEIARIKKLIFDTNEKVDQNTADITTNTNSINQNTTDIATNTTNINNLSDSMKQIEDKIEEILSKIYHIENEIARI,MKQIEDKIEEILSKIYHIENEIARIKKLIFDTNEKVDQNTADITTNTNSINQNTTDIATNTTNINNLSDSMKQIEDKIEEILSKIYHIENEIARIKKLI,False,False,True,1,1,5.054781433217002e-06,0.9999733157307362,2.1629487830558564e-05
36,1no4,0.5194805194805194,2,LRVNYGSFVSEYNDLTKSHEKLAAEKDDLIVSNSKLFRQI,PLKPEEHEDILNKLLDPELAQSERTEALQQLRVNYGSFVSEYNDLTKSHEKLAAEKDDLIVSNSKLFRQIGLTEK,True,False,True,0,0,0.9946353941263709,0.005346799148829693,1.7806724799519548e-05
37,6ytu,0.7058823529411765,2,IANLERWVKREMHVWREVFYRLER,QETIANLERWVKREMHVWREVFYRLERWADRLE,True,False,False,0,0,0.9850368372382606,0.0006306436163812624,0.014332519145358142
38,1w5l,0.875,4,MKQIEDKLEEILSKGYHICNELARIKKL,RMKQIEDKLEEILSKGYHICNELARIKKLLGE,True,False,True,2,0,0.002344479710153242,0.008261362586393857,0.9893941577034528
39,1w5k,0.7272727272727273,4,IEDRLEEILSKLHHICNELARIRR,RMRQIEDRLEEILSKLHHICNELARIRRLLGER,False,False,False,2,0,0.005830425475437226,4.16929284149492e-05,0.994127881596148
40,1w5i,0.875,4,MKQIEDKLEEILSKLYHIENELARIKKL,RMKQIEDKLEEILSKLYHIENELARIKKLLGE,True,False,True,2,0,0.0075793088422054025,0.00026855312097283856,0.9921521380368218
41,1w5j,0.7272727272727273,4,IEDRLEEILSKLYHICNELARIRR,RMRQIEDRLEEILSKLYHICNELARIRRLLGER,False,False,False,2,0,0.004442736527370459,2.580595205882731e-05,0.9955314575205707
42,1w5h,0.7741935483870968,4,IEDKLEEILSKLHHICNELARIKK,MKQIEDKLEEILSKLHHICNELARIKKLLGE,False,False,False,2,0,0.00025061729245291195,0.00022335756722363385,0.9995260251403235
43,6c52,0.68,4,LEELRRKLQEAEHKAR,SKLEELRRKLQEAEHKARELQEKWG,False,True,False,2,0,0.00020401795362737373,0.021330786950660614,0.978465195095712
44,4j4a,0.5555555555555556,3,IKLRIMEIEARIAKI,LELIKLRIMEIEARIAKIEKDRAIL,True,False,True,1,1,0.005733131501819199,0.9835526595195698,0.010714208978611008
45,5d3a,0.8414634146341463,2,MEADMNRLLKQREELTKRREKLSKRREKIVKENGEGDKNVANINEEMESLTANIDYINDSISDCQA,GSMTISNMEADMNRLLKQREELTKRREKLSKRREKIVKENGEGDKNVANINEEMESLTANIDYINDSISDCQANIMQMEEAK,False,True,False,0,0,0.9989743538471597,0.0009409283525469048,8.471780029332709e-05
46,4pxj,0.8035714285714286,2,LNVVKNDLIAKVDQLSGEQEVLRGELEAAKQAKVKLENRIKELEE,PEFTKNALNVVKNDLIAKVDQLSGEQEVLRGELEAAKQAKVKLENRIKELEEELKR,True,False,False,0,0,0.9981434401080379,1.0860965886160082e-05,0.0018456989260758926
47,5et3,0.8,4,AESALEYAQQALEKAQLALQAARQ,AEAESALEYAQQALEKAQLALQAARQALKA,False,False,False,2,0,0.000537217343705777,0.0025136119975594897,0.9969491706587347
48,1hqj,0.8000000000000002,3,LERRIRELEARI,DELERRIRELEARIK,False,False,True,1,1,1.2174625451508023e-06,0.998853466661462,0.0011453158759928098
49,2wq1,0.90625,3,MKQLEDKIEENTSKIYHNTNEIARNTKLV,RMKQLEDKIEENTSKIYHNTNEIARNTKLVGE,False,False,True,1,1,1.1416377991224285e-06,0.9943440680958918,0.005654790266309101
50,2wq0,0.8387096774193549,3,LEDKIEENTSKIYHNTNEIARNTKLV,MKQLEDKIEENTSKIYHNTNEIARNTKLVGE,False,False,True,1,1,4.5583682955262036e-07,0.9989166350314549,0.0010829091317154631
51,4hlr,0.7096774193548386,3,LQLTVWGLKQIQARILAVERYL,QQHLLQLTVWGLKQIQARILAVERYLKDQQL,False,False,True,1,0,0.004867169458327177,0.9927179331924542,0.002414897349218735
52,1wt6,0.8769230769230769,3,LRELQEALEEEVLTRQSLSREMEAIRTDNQNFASQLREAEARNRDLEAHVRQLQERM,EVTLRELQEALEEEVLTRQSLSREMEAIRTDNQNFASQLREAEARNRDLEAHVRQLQERMELL,True,False,True,1,1,0.059506233871372126,0.9400137848850952,0.00047998124353264786
53,4ypc,0.7228915662650602,3,RDNLAEDIMRLREKLQEEMLQREEAENTLQSFRQDVDNASLARLDLERKVESLQEEIAFL,VDQLTNDKARVEVERDNLAEDIMRLREKLQEEMLQREEAENTLQSFRQDVDNASLARLDLERKVESLQEEIAFLKKLHEEEIQ,False,False,True,1,1,0.056035426060150335,0.9439335409287226,3.103301112717515e-05
54,6mjh,0.56,4,NIIGILHLILWILD,SSDPLVVAANIIGILHLILWILDRL,False,False,True,2,0,0.0001294096690686056,0.005018065616464396,0.9948525247144671
55,4dme,0.8787878787878788,3,MKQLEDKVEELLSKNYHLENEVARLKKLV,RMKQLEDKVEELLSKNYHLENEVARLKKLVGER,False,False,True,1,0,0.13253743080581393,0.867187829754856,0.00027473943933006427
56,6wb3,0.5666666666666667,2,IREKDEELRRMQEMLHK,ETEKLIREKDEELRRMQEMLHKIQKQMKEN,False,False,False,0,0,0.9979309162171484,6.547025415738818e-06,0.002062536757435991
57,6lvn,0.6470588235294118,4,VVNIQKEIDRLNEVAKNLNESL,SGINASVVNIQKEIDRLNEVAKNLNESLIDLQE,True,False,False,2,0,3.276106102454402e-06,0.037034787331504275,0.9629619365623932
58,6gap,0.6330275229357798,3,LESRVSALEKTSQIHSDTILRITQGLDDANKRIIALEQSRDDLVASVSDAQLAISRLESSIGALQTVVNGLDSSVTQLGARVGQLETGLAELRVDHDNLVARVDTAERNIGSLTTELSTLTLRVTSIQADFESRISTL,GLESRVSALEKTSQIHSDTILRITQGLDDANKRIIALEQSRDDLVASVSDAQLAISRLESSIGALQTVVNGLDSSVTQLGARVGQLETGLAELRVDHDNLVARVDTAERNIGSLTTELSTLTLRVTSIQADFESRISTLERTAVTSAGAPLSIRNNRMTMGLNDGLTLSGNNLAIRLPGNTGLNIQNGGLQFRFNTDQFQIVNNNLTLKTTVF,True,False,True,1,1,0.00023462745028676924,0.999680822655787,8.454989392643019e-05
59,6gao,0.6502242152466368,3,IKKQVQVNVDDIRAANIKLDGLGRQIADISNSISTIESRLGEMDNRLVGISSQVTQLSNSVSQNTQSISSLGDRINAVEPRVDSLDTVTSNLTGRTSTLEADVGSLRTELAALTTRVTTEVTRLDGLINSGQNSIGELSTRLSNV,MEEIKKQVQVNVDDIRAANIKLDGLGRQIADISNSISTIESRLGEMDNRLVGISSQVTQLSNSVSQNTQSISSLGDRINAVEPRVDSLDTVTSNLTGRTSTLEADVGSLRTELAALTTRVTTEVTRLDGLINSGQNSIGELSTRLSNVETSMVTTAGRGLQKNGNTLNVIVGNGMWFNSSNQLQLDLSGQSKGVGFVGTGMVVKIDTNYFAYNSNGEITLV,True,False,True,1,1,2.0849231812255782e-05,0.9999197681509094,5.938261727827611e-05
60,6gaj,0.9,3,IKKQVQVNVDDIRAANIKLDGLGRQIADISNSISTIESRLGEMDNRLVGISSQVTQLSNSVSQNTQSISSLGDRINAVEPRVDSLDTVTSNLTGRTSTLEADVGSLRTELAALTTRV,EEIKKQVQVNVDDIRAANIKLDGLGRQIADISNSISTIESRLGEMDNRLVGISSQVTQLSNSVSQNTQSISSLGDRINAVEPRVDSLDTVTSNLTGRTSTLEADVGSLRTELAALTTRVTTEVTRLDGLI,True,False,True,1,1,1.0870619402027659e-06,0.9999629492744292,3.5963663630688306e-05
61,1ij2,0.8333333333333334,3,MKQLEDKVEELLSKTYHLENEVARL,RMKQLEDKVEELLSKTYHLENEVARLKKLV,True,False,True,1,0,0.11933454675597535,0.8724664290305191,0.00819902421350559
62,1ij0,0.935483870967742,3,MKQLEDKVEESLSKVYHLENEVARLKKLV,RMKQLEDKVEESLSKVYHLENEVARLKKLVG,False,False,True,1,1,0.00015945355813640612,0.9995628025511742,0.0002777438906893952
63,1ij1,0.935483870967742,3,MKQLEDKVEETLSKVYHLENEVARLKKLV,RMKQLEDKVEETLSKVYHLENEVARLKKLVG,False,False,True,1,1,8.706154424151106e-05,0.9991046361465664,0.0008083023091920616
64,1ij3,0.78125,3,MKQLEDKVEELLSKSYHLENEVARL,RMKQLEDKVEELLSKSYHLENEVARLKKLVG,True,False,True,1,0,0.047578975680935345,0.9503672487665544,0.002053775552510175
65,1gcl,0.5806451612903226,4,LEEILSKLYHIENELARI,RMKQIEDKLEEILSKLYHIENELARIKKLLG,False,False,True,2,0,0.01437803150259353,0.0003014274916127064,0.9853205410057937
66,1gcm,0.8064516129032256,3,MKQIEDKIEEILSKIYHIENEIARI,RMKQIEDKIEEILSKIYHIENEIARIKKLIG,True,False,True,1,1,0.00024298465078751743,0.9716273879716705,0.02812962737754198
67,5wll,0.6153846153846154,4,LRKILEDDARHVAELE,IEELLRKILEDDARHVAELEDIEKWL,False,False,False,2,0,1.436733725563173e-08,0.008385156989886395,0.9916148286427764
68,5wlk,0.6153846153846154,4,LRKIIEDEVRHIAELE,IEELLRKIIEDEVRHIAELEDIEKWL,False,False,False,2,0,7.364300401584851e-10,0.000772440963429115,0.9992275583001408
69,5wlj,0.6538461538461539,4,LRKILEDEARHVAELE,IEELLRKILEDEARHVAELEDIEKWL,False,True,False,2,0,2.3387103851779055e-07,0.0013278411753746993,0.9986719249535868
70,5wlm,0.6153846153846154,4,LRKIIEDDVRHIAELE,IEELLRKIIEDDVRHIAELEDIEKWL,False,False,False,2,0,6.127159907998102e-11,0.001677977269640052,0.9983220226690884
71,3pp5,0.746031746031746,3,IEDMSINIQKIVEFLNKFELSTRNKLSDLNEKLTILDRQVDYLEATF,TKTNIQKDWEQREFIEDMSINIQKIVEFLNKFELSTRNKLSDLNEKLTILDRQVDYLEATFKT,False,False,True,1,1,0.016591844766539982,0.9759464433769455,0.007461711856514556
72,2ovc,0.8333333333333334,4,EISMMGRVVKVEKQVQSIEHKLDLL,DEISMMGRVVKVEKQVQSIEHKLDLLLGFY,False,False,True,2,0,1.4962660535782683e-05,0.00687994456480857,0.9931050927746556
73,6ovs,0.7575757575757575,3,VEALEKKVEALEYKVQKLEKKVEAL,EVEALEKKVEALEYKVQKLEKKVEALEHGWDGR,False,False,True,1,1,7.190528846006888e-06,0.9998196280644988,0.00017318140665520285
74,1coi,0.8620689655172414,3,VEALEKKVAALESKVQALEKKVEAL,EVEALEKKVAALESKVQALEKKVEALEHG,False,False,True,1,1,2.5325156129622193e-08,0.9997684523890937,0.00023152228574998065
75,1cos,0.8620689655172414,3,WEALEKKLAALESKLQALEKKLEAL,EWEALEKKLAALESKLQALEKKLEALEHG,False,False,False,1,1,0.0016158440636614819,0.9821561439782267,0.01622801195811194
76,6fue,0.8421052631578947,3,IETLKQELLELKQRYEAQQKALAVLEQRVRQV,DVDIETLKQELLELKQRYEAQQKALAVLEQRVRQVEDQ,False,False,True,1,1,0.008051832128080506,0.9827706339769925,0.009177533894926985
77,1s9z,0.6875,3,IRELEARIREL,SIRELEARIRELELRI,False,False,True,1,1,5.066783859008938e-07,0.9993779850140866,0.0006215083075276999
78,4nr2,0.6274509803921569,2,LQKRLLALDPMMEQEIEEIRQKYQSKRQPILD,EFLKSWTVEDLQKRLLALDPMMEQEIEEIRQKYQSKRQPILDAIEAK,True,False,False,0,0,0.9947148628306555,0.00206141153025378,0.0032237256390907705
79,4r0r,0.8958333333333334,3,IKKEIEAIKKEQEAIKKKIEAIEKELRQLANETTQALQLFLRA,YGIKKEIEAIKKEQEAIKKKIEAIEKELRQLANETTQALQLFLRATTE,False,False,True,1,1,0.0030062577636376245,0.9878619013148671,0.009131840921495224
80,1pl5,0.76,2,LDEKEKQLAVANEIIRSLSDEVMRNEIRITSLQGDLTFTKKCLENARSQISEKDAKI,SFVDIVLSKAASALDEKEKQLAVANEIIRSLSDEVMRNEIRITSLQGDLTFTKKCLENARSQISEKDAKINKLME,True,False,True,0,0,0.9759531186158491,0.02385626738920698,0.00019061399494399098
81,6l5h,0.9146341463414634,2,VNALTSELRDLRAQREEAAAAHAQEVRRLQEQARDLGKQRDSCLREAEELRTQLRLLEDARDGLRRELLEAQRKL,ESTVNALTSELRDLRAQREEAAAAHAQEVRRLQEQARDLGKQRDSCLREAEELRTQLRLLEDARDGLRRELLEAQRKLRES,False,False,True,0,0,0.9963345908354988,0.0003923032539398046,0.003273105910561458
82,2ba2,0.7066358024691358,3,FKEFQTVVMESFAVQNQNIDAQGEQIKELQVEQKAQGKTLQLILEALQGINKRLDNL,TRYVTHKQLDEKLKNFVTKTEFKEFQTVVMESFAVQNQNIDAQGEQIKELQVEQKAQGKTLQLILEALQGINKRLDNLES,True,False,True,1,1,0.005200033236736025,0.9859143544290362,0.00888561233422773
83,3bat,0.922077922077922,2,MKEQLKQMDKMKEDLAKTERIKKELEEQNVTLLEQKNDLFGSMKQLEDKVEELLSKNYHLENEVARLKKLV,EEEMKEQLKQMDKMKEDLAKTERIKKELEEQNVTLLEQKNDLFGSMKQLEDKVEELLSKNYHLENEVARLKKLVGE,True,False,True,0,0,0.9982168418098146,0.0017545028991710842,2.86552910142077e-05
84,3bas,0.9375,2,QEEEMKEQLKQMDKMKEDLAKTERIKKELEEQNVTLLEQKNDLFGSMKQLEDKVEELLSKNYHLENEVARLKKLV,ARQEEEMKEQLKQMDKMKEDLAKTERIKKELEEQNVTLLEQKNDLFGSMKQLEDKVEELLSKNYHLENEVARLKKLVGE,True,False,True,0,0,0.9911158465520903,0.008872475833420632,1.1677614488937088e-05
85,4rfx,0.92,2,LTERNLDLEEKVRELRETVGDLEAMNEMNDELQENARETELELREQLDLAAARVREAEKRVEAAQETVADYQQTIKKYRELTAHLQDVNREL,ETLTERNLDLEEKVRELRETVGDLEAMNEMNDELQENARETELELREQLDLAAARVREAEKRVEAAQETVADYQQTIKKYRELTAHLQDVNRELMSQQ,True,False,True,0,0,0.9687651879454824,0.031231019881035587,3.79217348201319e-06
86,4w7z,0.59375,4,EDQEKLKTELRKTSDALSKAQNDVMEMKMQSERLSK,ECVLEAENKKLVEDQEKLKTELRKTSDALSKAQNDVMEMKMQSERLSKEYDQLLKEHSE,True,True,False,2,0,0.015219264872420814,0.013225279558018808,0.9715554555695604
87,6mi3,0.9590163934426228,2,VKELEDKNEELLSEIAHLKNEVARLKKLLQRCLAANQELRDAIRQSNQILRERAEELLHFQASQREEKEFLMSKFQEARKLVERLGLEKLELEDKNEELLSEIAHLKNEVARLKKLV,SWSVKELEDKNEELLSEIAHLKNEVARLKKLLQRCLAANQELRDAIRQSNQILRERAEELLHFQASQREEKEFLMSKFQEARKLVERLGLEKLELEDKNEELLSEIAHLKNEVARLKKLVGE,True,False,True,0,0,0.9994623350034292,0.00017513249561419982,0.00036253250095648814
88,6q1w,0.7575757575757575,3,VEALEKKVEALEVKVQKLEKKVEAL,EVEALEKKVEALEVKVQKLEKKVEALEHGWDGR,False,False,True,1,1,3.191361581164705e-05,0.9999671453314147,9.410527736540714e-07
89,5oiy,0.6153846153846154,4,IEARLESIEEKLSMIL,LSIEARLESIEEKLSMILGLLRTL,True,False,True,2,0,0.00948387733815971,3.205763592408873e-08,0.9905160906042044
90,5oi7,0.8409090909090909,2,YDSLQKIVEKQQQKMDQLRSQVQSLEQEVAQEEGTSQALREEAQRRDSALQQLRTAVKELSVQNQDLIEKNLTL,GESWQKRYDSLQKIVEKQQQKMDQLRSQVQSLEQEVAQEEGTSQALREEAQRRDSALQQLRTAVKELSVQNQDLIEKNLTLQEHLRQA,False,False,True,0,0,0.9943769913059868,0.003347313021800892,0.002275695672212246
91,4qkw,0.8712871287128713,3,LERVSTIIDGVQASQQRMEERQQQLEGSVSAVQSELLKLARDHGATATTVDKLLQKARRVSTHVKEVRSRVEKQNVRVKKVETTQDEL,SALSILSLLERVSTIIDGVQASQQRMEERQQQLEGSVSAVQSELLKLARDHGATATTVDKLLQKARRVSTHVKEVRSRVEKQNVRVKKVETTQDELL,True,False,True,1,1,0.0002610022298908816,0.9882498185422078,0.011489179227901183
92,2q6q,0.8548387096774194,2,NKELNFKLREKQNEIFELKKIAETLRSKLEKYVDITKKLEDQNLNLQIKISDL,QQNKELNFKLREKQNEIFELKKIAETLRSKLEKYVDITKKLEDQNLNLQIKISDLEKKLSDA,True,False,True,0,0,0.9953708300997031,0.004627982487329727,1.187412967284906e-06
93,3r4a,0.6785714285714286,4,IKQELAAIKKELAAIKWEL,GELAAIKQELAAIKKELAAIKWELAAIK,True,False,True,2,0,0.0008367390475403225,0.0074864215637364204,0.9916768393887233
94,4r4l,0.6808510638297872,2,LMLKEERIKELEKRLSEKEEEIQELKRKLHKC,SELEEDFAKILMLKEERIKELEKRLSEKEEEIQELKRKLHKCQSVLP,False,False,True,0,0,0.997816893272781,7.459849421359779e-06,0.0021756468777975424
95,4r4m,0.6808510638297872,2,LMLKEERIKELEKRLSEKEEEIQELKRKLHKL,SELEEDFAKILMLKEERIKELEKRLSEKEEEIQELKRKLHKLQSVLP,False,False,True,0,0,0.9984901289163154,2.176045025838524e-05,0.0014881106334262049
96,4jnu,0.575,4,REIKQHLKQQQEGLSHLISIIK,SYYIDADLLREIKQHLKQQQEGLSHLISIIKDDLEDIKLV,False,True,False,2,0,4.505917556837672e-05,0.007289069690455813,0.9926658711339758
97,5h1x,0.6041666666666666,3,NGEKITSLHREVEKVKLDQKRLDQELDFI,NAWDRTLIENGEKITSLHREVEKVKLDQKRLDQELDFILSQQKELED,True,False,True,1,1,0.03760974198808977,0.9623348398897362,5.541812217389063e-05
98,3a7o,0.6779661016949152,2,LLNTLAILQKELKSKEQEIRRLKEVIALKNKNTERLNDEL,DDALLNTLAILQKELKSKEQEIRRLKEVIALKNKNTERLNDELISGTIENNVLQ,True,False,True,0,0,0.9903791007695232,0.007769108945441869,0.001851790285034871
99,1x8y,0.8783783783783784,2,KEAKLRDLEDSLARERDTSRRLLAEKEREMAEMRARMQQQLDEYQELLDIKLALDMEIHAYRKLL,LAAKEAKLRDLEDSLARERDTSRRLLAEKEREMAEMRARMQQQLDEYQELLDIKLALDMEIHAYRKLLEGEEER,False,False,True,0,0,0.9986940656505543,0.00033454928236891954,0.000971385067076735
100,6eb9,0.6435643564356436,4,LETLCEESVLMGVINSIKLINLDMRLNHIEEQVKKIINKLESIDRVLAKTNTALSTIEGHLVSMM,DKYIMPSDDFSNTFFPHDTDRLNYHADHLGDYDLETLCEESVLMGVINSIKLINLDMRLNHIEEQVKKIINKLESIDRVLAKTNTALSTIEGHLVSMMIMI,False,False,True,2,0,0.0009038110414208889,0.007109999333625437,0.9919861896249537
101,3tq2,0.9142857142857144,3,VSALKEKVSALKEQFLMLMFKVSALKEKVSAL,KVSALKEKVSALKEQFLMLMFKVSALKEKVSALKE,False,False,True,1,1,3.14613603233122e-05,0.9903800984452843,0.00958844019439247
102,6otn,0.8115942028985508,2,QQQADDAEERAERLQREVEGERRAREQAEAEVASLNRRIQLVEEELDRAQERLAT,RKIQVLQQQADDAEERAERLQREVEGERRAREQAEAEVASLNRRIQLVEEELDRAQERLATAL,True,True,True,0,0,0.989261291588608,0.010702386083345778,3.632232804614965e-05
103,2gus,0.8571428571428571,4,FNAKFDQFSNDMNAFRSDFQAFKDDFARFNQRFDNF,FQTFNAKFDQFSNDMNAFRSDFQAFKDDFARFNQRFDNFATK,False,False,True,2,0,0.0028723251938097085,0.00888034691462822,0.9882473278915621
104,5kkv,0.8125,3,IEDKIEEILSKIYHIENEIARIKKLI,GMKQIEDKIEEILSKIYHIENEIARIKKLIGE,False,False,True,1,1,7.572558441983286e-05,0.9673196371231683,0.03260463729241193
105,5to5,0.8085106382978723,2,LEKFLADQQSEIDGLKGRHEKFKVESEQQYMEIEKRLSHSQERLVNETRECQSLRLELEKLNNQLKALTEKNKELEIAQDRNIAIQSQMTRTKEELEAEKRDLIRTNERLSQEL,AVLQQVLERTELNKLPKSVQNKLEKFLADQQSEIDGLKGRHEKFKVESEQQYMEIEKRLSHSQERLVNETRECQSLRLELEKLNNQLKALTEKNKELEIAQDRNIAIQSQMTRTKEELEAEKRDLIRTNERLSQELEYLT,True,False,True,0,0,0.9998786293013566,2.8771851714942883e-05,9.259884692833748e-05
106,6aoz,0.8648648648648649,2,YNDLQVEYGKAQLQMKELMKKFKEIQAQNFSLINENQSLKKNISALIKTARVEINRKDEEISNL,ATYNDLQVEYGKAQLQMKELMKKFKEIQAQNFSLINENQSLKKNISALIKTARVEINRKDEEISNLHL,True,False,True,0,0,0.9934393656675659,2.741241116634962e-06,0.006557893091317461
107,3vmx,0.75,2,ILRLKQINIQLATKIQHLEFSCSEKEQEIERLNKLL,GSERQILRLKQINIQLATKIQHLEFSCSEKEQEIERLNKLLKQNGLLG,False,False,True,0,0,0.9960539432421666,0.0009687390178324423,0.0029773177400009695
108,4l0n,0.6274509803921569,2,LQMRLKALDPMMEREIEELRQRYTAKRQPILD,SMDFDFLKNLSLEELQMRLKALDPMMEREIEELRQRYTAKRQPILDAMDAK,False,False,False,0,0,0.9985120504986329,1.704600655093471e-06,0.0014862449007121024
109,4n21,0.6097560975609756,3,FQGNMKQIEDKIEEILSKIYHIENEIARIKKLIGAIASKIIKTANYTTNALFLLNKEESEIRDHVVEHELALNYL,ENLYFQGNMKQIEDKIEEILSKIYHIENEIARIKKLIGAIASKIIKTANYTTNALFLLNKEESEIRDHVVEHELALNYLLAHQGGLCNVVKGPMCSSDIDDFSKNVSDMIDKVHEEMKKFYHE,True,False,True,1,1,0.010646030964345434,0.9857537893519095,0.0036001796837451363
110,1nyh,0.8421052631578947,2,LSKAASALDEKEKQLAVANEIIRSLSDEVMRNEIRITSLQGDLTFTKKCLENARSQISEKDAKI,LSFVDIVLSKAASALDEKEKQLAVANEIIRSLSDEVMRNEIRITSLQGDLTFTKKCLENARSQISEKDAKINKLME,False,False,True,0,0,0.9923916512631141,0.006950751707294155,0.0006575970295917122
111,2qdq,0.7352941176470589,2,IIAAQEEMLRKERELEEARKKLAQI,GIAQIIAAQEEMLRKERELEEARKKLAQIRQQQ,True,False,False,0,0,0.9723292306120878,0.02766860404327678,2.1653446353241634e-06
112,1kql,0.7090909090909091,2,VEELLSKNYHLENEVARLKKLVDDLEDELYAQKLKYKAI,MDKVEELLSKNYHLENEVARLKKLVDDLEDELYAQKLKYKAISEELDHALNDMT,True,False,True,0,0,0.9931250539122345,0.0005658567437500311,0.006309089344015416
113,2qih,0.9705882352941176,3,RIATAELGIAENKKDAQIAKAQANENKDGIAKNQADIQLHDKKITNLGILHSMVARAVGNNTQGVATNKADIAKNQADIANNIKNIYELAQQQDQHSSDIKTLAKVSAANTDRIAKNKAEADASFETLTKNQ,NTDRIATAELGIAENKKDAQIAKAQANENKDGIAKNQADIQLHDKKITNLGILHSMVARAVGNNTQGVATNKADIAKNQADIANNIKNIYELAQQQDQHSSDIKTLAKVSAANTDRIAKNKAEADASFETLTKNQK,False,False,True,1,1,0.015019247391670482,0.9849519328212448,2.8819787084667522e-05
114,4jzl,0.8548387096774194,2,EVKLEEENRSLKADLQKLKDELASTKQKLEKAENQVLAMRKQSEGLTKEYDRL,AEVKLEEENRSLKADLQKLKDELASTKQKLEKAENQVLAMRKQSEGLTKEYDRLLEEHAKL,True,False,True,0,0,0.9909931268875637,0.00034539314332989043,0.008661479969106581
115,5y2h,0.8478260869565217,4,IEKQMDRVVKEMRRQLEMIDKLTTREIEQVELLKRIHDK,DEIEKQMDRVVKEMRRQLEMIDKLTTREIEQVELLKRIHDKLVVQ,True,False,False,2,0,0.0029621735614805407,2.819743841498515e-05,0.9970096290001045
116,5y2e,0.8636363636363636,4,EKQMDRVVKEMRRQLEMIDKLTTRGIEQVELLKRIHD,MIEKQMDRVVKEMRRQLEMIDKLTTRGIEQVELLKRIHDKLMIR,True,True,False,2,0,0.008373713335067383,0.0007248243870726853,0.9909014622778599
117,6wko,0.5777777777777777,3,IQILKSSINIAIEKLNDRISHDEQAIRDLTLEIENARSEALLGELGIIRALL,NDIQILKSSINIAIEKLNDRISHDEQAIRDLTLEIENARSEALLGELGIIRALLVGNISIGLQESLWELASEITNRAGDLAVEVSPGSWI,False,False,True,1,0,0.007861648971234023,0.9766434888813353,0.015494862147430595
118,7o39,0.5098039215686274,2,VANFLEQLSTEIERLKEDKKQLEKVI,FTPNEIKNKEFSRVKNGLEPTEVANFLEQLSTEIERLKEDKKQLEKVIEER,False,False,True,0,0,0.9711677414585466,0.02218280950043497,0.006649449041018455
119,3u59,0.89,2,IKKKMQMLKLDKENAIDRAEQAEADKKQAEDRCKQLEEEQQGLQKKLKGTEDEVEKYSESVKEAQEKLEQAEKKATDAEAEVASLNRRI,ASMEAIKKKMQMLKLDKENAIDRAEQAEADKKQAEDRCKQLEEEQQGLQKKLKGTEDEVEKYSESVKEAQEKLEQAEKKATDAEAEVASLNRRIQLVEEE,True,False,True,0,0,0.999587190092001,0.00039929522609724274,1.3514681901682204e-05
120,4u5t,0.7837837837837838,2,LEIRAAFLEKENTALRTEVAELRKEVGRC,DPDLEIRAAFLEKENTALRTEVAELRKEVGRCKNIVS,False,False,True,0,0,0.9711126293777236,0.016796137417646514,0.012091233204630007
121,2xzr,0.9537037037037036,3,IEDKIEEILSKIYHIENEIARIKKLIGAIDGRVTRNTQSIEKNSKAIAANTRTLQQHSARLDSQQRQINENHKEMKQIEDKIEEILSKIYHIENEIARIKKLI,KQIEDKIEEILSKIYHIENEIARIKKLIGAIDGRVTRNTQSIEKNSKAIAANTRTLQQHSARLDSQQRQINENHKEMKQIEDKIEEILSKIYHIENEIARIKKLIKLH,False,False,True,1,1,0.017431760993359895,0.9818737992641001,0.0006944397425400802
122,3v86,0.925925925925926,3,VYQLKDEVGELKGEVRALKDEVKDL,YVYQLKDEVGELKGEVRALKDEVKDLK,False,False,True,1,1,2.3755182199123366e-08,0.9936040753994678,0.0063959008453499
123,1d7m,0.9801980198019802,2,MANRLAGLENSLESEKVSREQLIKQKDQLNSLLASLESEGAEREKRLRELEAKLDETLKNLELEKLARMELEARLAKTEKDRAILELKLAEAIDEKSKL,EMANRLAGLENSLESEKVSREQLIKQKDQLNSLLASLESEGAEREKRLRELEAKLDETLKNLELEKLARMELEARLAKTEKDRAILELKLAEAIDEKSKLE,False,False,True,0,0,0.9999840379974053,1.5951849886070052e-05,1.0152708512774309e-08
124,5ajs,0.7936507936507936,2,LLRKLNEQRDILALMEVKMKEMKGSIRHLRLTEAKLREELREKDRLLAMA,TEEELLRKLNEQRDILALMEVKMKEMKGSIRHLRLTEAKLREELREKDRLLAMAVIRKKH,True,False,True,0,0,0.9998120266397367,1.070444450980673e-07,0.00018786631581812674
125,6v5i,0.7575757575757575,3,VEALEKKVAALELKVQALEKKVEAL,EVEALEKKVAALELKVQALEKKVEALEHGWDGR,False,False,True,1,1,3.0299897855313185e-05,0.9999589476962313,1.0752405913496423e-05
126,6v5g,0.7575757575757575,3,VEALEKKVAALELKVQKLEKKVEAL,EVEALEKKVAALELKVQKLEKKVEALEHGWDGR,False,False,True,1,1,0.000112962655034632,0.9998575970318563,2.9440313109184294e-05
127,6v5j,0.7575757575757575,3,VEALEKKVEALELKVQALEKKVEAL,EVEALEKKVEALELKVQALEKKVEALEHGWDGR,False,False,True,1,1,7.03068322482676e-05,0.9999250986905068,4.59447724472596e-06
128,6v50,0.8064516129032256,3,VEALEAKVEALESKVQKLEKKVEAL,EVEALEAKVEALESKVQKLEKKVEALEHGWD,False,False,True,1,1,3.118543890168792e-08,0.9955609290597701,0.004439039754790852
129,4bwd,0.819672131147541,2,ELEEKTRLINQVMELQHTLEDLSARVDAVKEENLKLKSENQVLGQYIENL,AENQVELEEKTRLINQVMELQHTLEDLSARVDAVKEENLKLKSENQVLGQYIENLMSAS,True,False,True,0,0,0.9752363260706702,0.024442251423384128,0.00032142250594566115
130,1gk4,0.8607594936708861,2,LKGTNESLERQMREMEENFAVEAANYQDTIGRLQDEIQNMKEEMARHLREYQDLLNVKMALDIEIATY,CEVDALKGTNESLERQMREMEENFAVEAANYQDTIGRLQDEIQNMKEEMARHLREYQDLLNVKMALDIEIATYRKLLEG,False,False,True,0,0,0.997286055678528,0.00017580318235888806,0.0025381411391130404
131,1gk6,0.8545454545454545,2,LEDKVEELLSKNYHLENEVARLKKLVGDLLNVKMALDIEIATYRKLL,MKQLEDKVEELLSKNYHLENEVARLKKLVGDLLNVKMALDIEIATYRKLLEG,True,False,True,0,0,0.9855384156935957,0.0010106260454399603,0.013450958260964293
132,2x6p,0.8620689655172414,3,WEALEKKLAALESKLQACEKKLEAL,EWEALEKKLAALESKLQACEKKLEALEHG,False,False,True,1,1,0.0017977303113794467,0.9947771650743115,0.0034251046143091513
133,1unu,0.8387096774193549,4,IEDKSEEILSKLYHIENELARIKKLL,MKQIEDKSEEILSKLYHIENELARIKKLLGE,False,False,True,2,0,0.00014742221132448536,0.028693847577700868,0.9711587302109747
134,1unw,0.7419354838709677,4,IEDKLEEILSKLYHIENEGARIK,RMKQIEDKLEEILSKLYHIENEGARIKKLLG,False,False,True,2,0,0.0011156859306330523,0.009581393376190338,0.9893029206931766
135,1unz,0.7857142857142857,4,IEDKLEEILSKLYHIENELARS,KQIEDKLEEILSKLYHIENELARSKKLL,False,False,True,2,0,0.002459286488306697,2.020494910541688e-09,0.9975407114911984
136,1unv,0.72,4,TEEILSKLYHIENELARI,KTEEILSKLYHIENELARIKKLL,True,False,True,2,0,0.006078633146792579,4.5217301095299925e-10,0.9939213664010345
137,1unx,0.7096774193548387,4,IEDKLEEILSKLYHIENESARI,RMKQIEDKLEEILSKLYHIENESARIKKLLG,True,False,True,2,0,0.00022176179756547024,0.04502310159196765,0.954755136610467
138,1unt,0.65625,4,EDKAEEILSKLYHIENELARI,RMKQIEDKAEEILSKLYHIENELARIKKLLGE,True,False,True,2,0,0.0030706489451808945,0.006460668879465556,0.9904686821753536
139,6o2f,0.935483870967742,2,MKQLEDKVEELLSKNYNLENEVARLKKLV,RMKQLEDKVEELLSKNYNLENEVARLKKLVG,False,False,True,0,0,0.9440176262455928,0.055775495934025546,0.0002068778203817151
140,2pnv,0.8461538461538461,3,MYDMISDLNERSEDFEKRIVTLETKLETLIGSI,NIMYDMISDLNERSEDFEKRIVTLETKLETLIGSIHALP,False,False,True,1,1,4.4075220245015294e-05,0.9849970878417639,0.014958836937991143
141,1rb6,0.78125,3,MKQLEDKVEELLSKAYHLENEVARL,RMKQLEDKVEELLSKAYHLENEVARLKKLVG,True,False,False,1,0,0.03871802989197467,0.9577272985468985,0.0035546715611268764
142,6v4y,0.8333333333333334,3,VEALEAKVEALEYKVQKLEKKVEAL,EVEALEAKVEALEYKVQKLEKKVEALEHGW,False,False,True,1,1,4.909451519688027e-07,0.9872722600850445,0.0127272489698035
143,6d42,0.8461538461538461,4,LYDLQQNLSSSHRALEKQIDTLAGKLDALTELL,ILYDLQQNLSSSHRALEKQIDTLAGKLDALTELLSTAL,False,False,True,2,0,0.0022604073692566815,0.0002610792238210101,0.9974785134069223
144,2z5i,0.8775510204081632,2,LLSKNYHLENEVARLKKLVDDLEDELYAQKLKYKAISEELDHA,GELLSKNYHLENEVARLKKLVDDLEDELYAQKLKYKAISEELDHALNDM,False,False,True,0,0,0.9929642926155782,0.000765428130429444,0.006270279253992432
145,4dzk,0.8620689655172414,3,IAAIKQEIAANKKEIAAIKWEIAAI,GEIAAIKQEIAANKKEIAAIKWEIAAIKQ,False,False,True,1,1,2.6685644670372827e-06,0.9938948575230652,0.006102473912467806
146,1ic2,0.8860759493670886,2,KKKMQMLKLDKENALDRAEQAEADKKAAEERSKQLEDELVALQKKLKGTEDELDKYSESLKDAQEKLEL,MDAIKKKMQMLKLDKENALDRAEQAEADKKAAEERSKQLEDELVALQKKLKGTEDELDKYSESLKDAQEKLELADKK,True,True,True,0,0,0.99872848445529,4.7011259860561873e-07,0.0012710454321113685
147,3ni0,0.7473684210526316,2,CRNTTHLLQRQLTRTQDSLLQAETQANSCNLTVVTLQESLEKKVSQALEQQARIKELENEVTKLNQELENL,CRDGLRAQAECRNTTHLLQRQLTRTQDSLLQAETQANSCNLTVVTLQESLEKKVSQALEQQARIKELENEVTKLNQELENLRIQKET,True,False,True,0,0,0.991486394798498,0.0015606427392732716,0.006952962462228747
148,3ljm,0.8620689655172414,3,WEALEKKCAALESKLQALEKKLEAL,EWEALEKKCAALESKLQALEKKLEALEHG,False,False,True,1,1,0.004339277851448761,0.9951269673849177,0.0005337547636334366
149,1nkn,0.918918918918919,2,QLKQMDKMKEDLAKTERIKKELEEQNVTLLEQKNDLFGSMKQLEDKVEELLSKNYHLENEVARLKKLV,MKEQLKQMDKMKEDLAKTERIKKELEEQNVTLLEQKNDLFGSMKQLEDKVEELLSKNYHLENEVARLKKLVGE,True,False,True,0,0,0.9968317359921219,1.5675648142744887e-05,0.0031525883597351904
150,6zpm,0.6893203883495146,2,YEKLVKECRRLEEELEQKTHEASDASQRVRQLERETTRLMRRVEQLVSAVEGQKQKLDETEAKHKLELAEI,SSLQRYEKLVKECRRLEEELEQKTHEASDASQRVRQLERETTRLMRRVEQLVSAVEGQKQKLDETEAKHKLELAEIENRHELEIQSKMSSHEEALRRLMD,True,False,True,0,0,0.9923781117279769,0.007621352558744957,5.357132782254483e-07
151,3qh9,0.9242424242424242,2,KQRKAEELLQELRHLKIKVEELENERNQYEWKLKATKAEVAQLQEQVALKDAEIERLHSQL,QEEKQRKAEELLQELRHLKIKVEELENERNQYEWKLKATKAEVAQLQEQVALKDAEIERLHSQLSR,False,False,True,0,0,0.9835051459434998,0.01649243996628017,2.41409021995649e-06
152,6q25,0.7575757575757575,3,VEALEKKVEALELKVQKLEKKVEAL,EVEALEKKVEALELKVQKLEKKVEALEHGWDGR,False,False,True,1,1,0.0007731434708575273,0.999223845787682,3.0107414603547512e-06
153,2zta,0.935483870967742,2,MKQLEDKVEELLSKNYHLENEVARLKKLV,RMKQLEDKVEELLSKNYHLENEVARLKKLVG,False,False,True,0,0,0.9111044036405241,0.08850413932587817,0.00039145703359757416
154,3g9r,0.7857142857142857,3,WASLWNWFNITNWLWYIKIEELKSKIKRIENEI,DKWASLWNWFNITNWLWYIKIEELKSKIKRIENEIKRIKK,True,False,True,1,1,0.011304760738313295,0.9842694886920443,0.004425750569642368
155,6vzf,0.6976744186046512,2,VDDLLHQLQLLKEENNRKSMQISEMGKKISDLEVEKTAYRETLTNLNQELARLTNEEQSH,NNHQIQELESNVDDLLHQLQLLKEENNRKSMQISEMGKKISDLEVEKTAYRETLTNLNQELARLTNEEQSHRTEIFTLNASFKKQL,False,False,True,0,0,0.9962423489302207,0.0008567884129430145,0.0029008626568361967
156,6yf5,0.5617977528089888,2,LQELNDRLAVYIDRVRSLETENAGLRLRITESEEVVDFYFGKLRNIELIC,TRITRLQEKEDLQELNDRLAVYIDRVRSLETENAGLRLRITESEEVVDFYFGKLRNIELICQENEGENDPVLQRIVDILYATD,True,False,True,0,0,0.9655238381488277,0.034471226438723974,4.935412448540739e-06
157,5i4z,0.527027027027027,2,LKKATAYILSVQAETQKLISEIDLLRKQNEQLKHKLEQL,RRNELKRSFFALRDQIPELENNEKAPKVVILKKATAYILSVQAETQKLISEIDLLRKQNEQLKHKLEQLRNSCA,False,False,True,0,0,0.992226039490896,0.007725663549562011,4.8296959542027404e-05
158,3g1e,0.6756756756756757,2,NDRFANLIDKVRFLEQQNKILLAE,NEKVELQELNDRFANLIDKVRFLEQQNKILLAELEQL,False,True,True,0,0,0.9910494470603022,4.346937921818933e-05,0.008907083560479655
159,5hhe,0.935483870967742,2,SEQLQMELKELALEEERLIQELEDVEKNRKIVAENLEKVQAEAERLDQEEAQYQREYSEFKRQQLELDDELKSVENQMRYAQTQLDK,DDSEQLQMELKELALEEERLIQELEDVEKNRKIVAENLEKVQAEAERLDQEEAQYQREYSEFKRQQLELDDELKSVENQMRYAQTQLDKLKLE,False,False,False,0,0,0.996367536530486,0.0005446801028781997,0.0030877833666355446
160,6xy0,0.8666666666666667,4,IQQELKAIQQELKAIQWELKAIQQEL,GAIQQELKAIQQELKAIQWELKAIQQELKG,False,False,True,2,0,1.4331415375560976e-05,0.002026282214075497,0.9979593863705489
161,6xy1,0.7333333333333333,4,IQKQLKEIQKQLKEIQWQLKEI,GEIQKQLKEIQKQLKEIQWQLKEIQKQLKG,False,False,True,2,0,6.994380329993989e-06,0.007485700039521975,0.9925073055801481
162,4xyp,0.6142857142857143,3,LNGIIDQINKVNLLLEGEIEAVRRIAYMNQASSLQNQVEIGLI,VKEKLNGIIDQINKVNLLLEGEIEAVRRIAYMNQASSLQNQVEIGLIGEYLNISSWLETKTLTKTEEGLM,False,False,True,1,1,0.0013836113339083574,0.9985974662886613,1.892237743021539e-05
163,1p9i,0.896551724137931,2,LNALLASLEAENKQLKAKVEELLAKV,QLNALLASLEAENKQLKAKVEELLAKVGE,False,False,True,0,0,0.985904985431975,0.013566855751444914,0.0005281588165801903
164,1t6f,0.8648648648648649,2,LYEALKENEKLHKEIEQKDNEIARLKKENKEL,TLYEALKENEKLHKEIEQKDNEIARLKKENKELAEVA,False,False,True,0,0,0.9997100297316325,0.00015880108308197264,0.00013116918528548893
165,3efg,0.8431372549019608,3,LEARLVELETRLSFQEQALTELSEALADARLTGARNAELIRHL,RDQELEARLVELETRLSFQEQALTELSEALADARLTGARNAELIRHLLEDL,False,False,True,1,1,0.008803537365935006,0.9800186766631964,0.011177785970868541
166,2efr,0.9548387096774194,2,LEDKVEELLSKNYHLENEVARLKKLLERAEERAELSEGKSAELEEELKTVTNNLKSLEAQAEKYSQKEDKYEEEIKVLSDKLKEAETRAEFAERSVTKLEKSIDDLEDELYAQKLKYKAISEEMKQLEDKVEELLSKNYHLENEVARL,MKQLEDKVEELLSKNYHLENEVARLKKLLERAEERAELSEGKSAELEEELKTVTNNLKSLEAQAEKYSQKEDKYEEEIKVLSDKLKEAETRAEFAERSVTKLEKSIDDLEDELYAQKLKYKAISEEMKQLEDKVEELLSKNYHLENEVARLKKL,True,False,True,0,0,0.9996876557165473,9.926409710919107e-05,0.0002130801863437218
167,3u91,0.7333333333333333,3,LQLTVWGIKQLQARILAVERYL,QHLLQLTVWGIKQLQARILAVERYLKDQQL,False,False,True,1,0,0.004544893742602788,0.9948793524465933,0.0005757538108039192
168,1u9g,0.6818181818181818,4,ILSKLYHIENELARI,EEILSKLYHIENELARIKKLL,False,False,True,2,0,0.005131152761347611,2.655785862734822e-10,0.9948688469730737
169,3hfe,0.7037037037037037,3,IGARLNRVEDKVTQLDQRL,NTIGARLNRVEDKVTQLDQRLALITD,True,False,True,1,1,4.565124353928582e-05,0.9790136788737646,0.020940669882696133
170,4c1a,0.6944444444444444,2,LELELEEVESQIRALVVRRSRLRER,GPAMEALELELEEVESQIRALVVRRSRLRERLLAV,True,False,False,0,0,0.9873733903396343,0.009053657076005557,0.003572952584360162
171,5aps,0.9047619047619048,3,VEELLSKVYHLENEVARLKKLIENKKADMKQLEDKVEELLSKVYHLENEVARLKKLV,EDKVEELLSKVYHLENEVARLKKLIENKKADMKQLEDKVEELLSKVYHLENEVARLKKLVGER,False,False,True,1,1,0.007591854767634086,0.990390077125192,0.0020180681071739165
172,3swy,0.8695652173913043,3,LEEKVEQLGSSLDTLQTRFARLLAEYNATQMKMKQRLSQL,GALEEKVEQLGSSLDTLQTRFARLLAEYNATQMKMKQRLSQLESQV,False,False,True,1,1,0.01671742357428481,0.9726609417634253,0.010621634662289882
173,1ce0,0.8285714285714286,3,LLQRIKQQEDKLEETLSKIYHLENEIARV,RLLQRIKQQEDKLEETLSKIYHLENEIARVKKLLG,True,False,True,1,1,0.006838468338884188,0.9584525296795445,0.034709001981571286
174,3m48,0.5666666666666667,2,EELLSKNWNLENEVAR,AQLEAKVEELLSKNWNLENEVARLKKLVGE,False,True,True,0,0,0.9882252843175607,0.011575597387758577,0.00019911829468069388
175,3lbw,0.8636363636363636,4,LVVAASIIAILHLILWILD,PLVVAASIIAILHLILWILDRL,False,False,True,2,0,0.000622133719774248,0.004087145373154177,0.9952907209070715
176,5omd,0.8360655737704918,2,ASMLRDKINFLNIEREKEKNIQAVKVNELQVKHLQELAKLKQELQKLEDEK,PGEASMLRDKINFLNIEREKEKNIQAVKVNELQVKHLQELAKLKQELQKLEDEKKFLQMEA,False,False,True,0,0,0.9863119886872415,0.013656267627860031,3.174368489861905e-05
177,3m9h,0.7441860465116279,4,LEARIDSLAARNSKLMETLKEARQQLLALREE,SARDIHQLEARIDSLAARNSKLMETLKEARQQLLALREEVDRL,False,False,False,2,0,0.020081472874646292,0.012568720394820335,0.9673498067305333
178,5m97,0.6,2,QQQITSLETQLYEVNETMFGLERERDFYFNKLREIEIL,QAQQQITSLETQLYEVNETMFGLERERDFYFNKLREIEILVQTHLTTSPMSMENMLERIQAILYS,True,True,True,0,0,0.9770779075309746,0.022699730163990402,0.0002223623050350425
179,1uo5,0.7741935483870968,4,EDKAEEILSKLYHIENELARIKKL,MKQIEDKAEEILSKLYHIENELARIKKLLGE,False,False,True,2,0,0.008730655596274969,0.0011020107184869983,0.990167333685238
180,1uo1,0.8064516129032258,4,IEDKLEEILSKLYHIENELARTKKL,RMKQIEDKLEEILSKLYHIENELARTKKLLG,False,False,True,2,0,0.0017429135827883072,0.004421206560110466,0.9938358798571013
182,1uo0,0.7096774193548387,4,IEDKLEEILSKLYHIENELARA,RMKQIEDKLEEILSKLYHIENELARAKKLLG,False,False,True,2,0,0.007734647601640348,0.00036623154618816854,0.9918991208521714
183,1uo4,0.5806451612903226,4,ILSKLYHIENELARIKKL,MKQIEDKGEEILSKLYHIENELARIKKLLGE,False,False,True,2,0,0.0018137175475836586,0.006794341975283058,0.9913919404771332
184,6egp,0.8888888888888888,3,WEALEKKLAAAESKCQALEKKLQALEKKLEAL,EWEALEKKLAAAESKCQALEKKLQALEKKLEALEHG,False,False,True,1,1,0.005090704670355667,0.9936955750982102,0.0012137202314340793
185,2oqq,0.8571428571428571,2,LSELENRVKDLENKNSELEERLSTLQNENQMLRHIL,GSAYLSELENRVKDLENKNSELEERLSTLQNENQMLRHILKN,False,False,True,0,0,0.9923997684951971,0.00023493892612589325,0.007365292578677036
186,2cce,0.8333333333333334,4,IEDKLEEILSKLYHISNELARIKKL,MKQIEDKLEEILSKLYHISNELARIKKLLGE,False,False,True,2,0,0.002184287701130392,2.9474028475427416e-05,0.997786238270394
187,2ccf,0.7741935483870968,4,IEDKLEEILSKLYHISNELARIKK,RMKQIEDKLEEILSKLYHISNELARIKKLLG,True,False,False,2,0,0.005153350373652042,0.0003326620369285689,0.9945139875894194
188,2ccn,0.75,4,IEDKLEEILSKLYHICNELARIKK,MKQIEDKLEEILSKLYHICNELARIKKLLGER,True,False,False,2,0,0.00021161745202137477,0.00013900950438116625,0.9996493730435974
189,3vyi,0.782608695652174,3,ILRIKQNINQIATKIQHIEFSISEIEQEIERINKLI,SERQILRIKQNINQIATKIQHIEFSISEIEQEIERINKLIKQNGLL,True,False,True,1,1,0.011440917663626128,0.9859838201307228,0.0025752622056508852
190,6wcu,0.8666666666666667,2,TEKLIRMKDEELRRMQEMLQRMKQQM,ETEKLIRMKDEELRRMQEMLQRMKQQMQDQ,False,False,True,0,0,0.9931141102395217,3.898379951659052e-06,0.006881991380526694
191,6xxz,0.8666666666666667,4,IKQQLAEIKQQLAEIKWQLAEIKQQL,GEIKQQLAEIKQQLAEIKWQLAEIKQQLAG,False,False,True,2,0,0.0012965303613588026,0.002109869459076784,0.9965936001795644
192,3tyy,0.8666666666666667,2,CLERIQELEDLLAKEKDNSRRMLTDKEREMAEIRDQMQQQLNDYEQLLDVKLALDMEISAYRKLL,ESRACLERIQELEDLLAKEKDNSRRMLTDKEREMAEIRDQMQQQLNDYEQLLDVKLALDMEISAYRKLLEG,True,False,True,0,0,0.9866234198466848,1.6517398190505536e-05,0.013360062755124726
193,5lhw,0.6666666666666666,2,QDRQLRLLQAQIQRLLEA,GSLTEQDRQLRLLQAQIQRLLEAQSLM,False,False,False,0,0,0.9806926923134295,1.6238786879074025e-05,0.019291068899691385
194,1qx8,0.8297872340425532,4,ALNMARFIRSQTLTLLEKLNELADICESLHDHADELYRS,EKTALNMARFIRSQTLTLLEKLNELADICESLHDHADELYRSCLARF,True,False,False,2,0,0.020142342510538973,0.0004652969214763636,0.9793923605679846
195,2xg7,0.8292682926829268,2,FQDVEAQAATCNHTVMALMASLDAEKAQGQKKVEELEGEITTLNHKLQDASAEVERLRRENQVLSVRI,AQKGFQDVEAQAATCNHTVMALMASLDAEKAQGQKKVEELEGEITTLNHKLQDASAEVERLRRENQVLSVRIADK,True,False,True,0,0,0.9766672192807712,0.007430930107789542,0.01590185061143929
196,1t3j,0.5967741935483871,2,QKHLEEEIARLSKEIDQLEKMQNNSKLLRNKAVQLES,ATTFARLCQQVDMTQKHLEEEIARLSKEIDQLEKMQNNSKLLRNKAVQLESELENFSKQFLH,False,False,False,0,0,0.97933339911975,0.00024995339844459716,0.020416647481805272
197,6owd,0.925925925925926,2,IARLQRQIRALQRQNARLQRQIRAL,QIARLQRQIRALQRQNARLQRQIRALQW,False,False,True,0,0,0.9983753536849684,0.0004512407527064858,0.001173405562324981
198,4owi,0.7575757575757576,2,MKQLEDKVGELLFSNYWLELEVARL,GSMRMKQLEDKVGELLFSNYWLELEVARLKKLV,False,False,True,0,0,0.9766000275030694,0.004363730384214366,0.019036242112716158
199,2b22,0.8620689655172413,4,LEDVVEELLSVNYHLENVVARLKKL,VKQLEDVVEELLSVNYHLENVVARLKKLV,False,False,False,2,0,0.016281086439039225,0.017221685085186716,0.966497228475774
200,4gdo,0.5952380952380952,2,VEAALEKQRQLAEAHAQAKAQAERE,HMRAEERERLAEVEAALEKQRQLAEAHAQAKAQAEREAKEL,True,False,False,0,0,0.991850346170873,0.007951307360748236,0.00019834646837876228
201,3i00,0.8947368421052632,2,KDHLIERLYREISGLKAQLENMKTESQRVVLQLKGHVSELEADLAEQQHLRQQAADDCEFLRAELDEL,KDEKDHLIERLYREISGLKAQLENMKTESQRVVLQLKGHVSELEADLAEQQHLRQQAADDCEFLRAELDELRRQRE,True,False,True,0,0,0.9816433222304841,0.016617804138128415,0.0017388736313874785
202,6ign,0.7154471544715447,2,LASTRRDQDNMQAELNRLQAENDASKEEVKEVLQALEELAVNYDQKSQEVEDKTKEYELLSDELNQKSATLASIDAELQKLKEMTNHQ,QLVEKLKTQMLDQEELLASTRRDQDNMQAELNRLQAENDASKEEVKEVLQALEELAVNYDQKSQEVEDKTKEYELLSDELNQKSATLASIDAELQKLKEMTNHQKKRAAEMMASLLKDLAEIG,False,False,False,0,0,0.9999254953679269,1.9071826726854748e-05,5.543280534620387e-05
203,6igv,0.7796610169491526,2,LASTRRDQDNMQAELNRLQAENDASKEEVKEVLQALEELAVNYDQKSQEVEDKTKEYELLSDELNQKSATLASIDAELQKLKEMTNHQKKRA,VEKLKTQMLDQEELLASTRRDQDNMQAELNRLQAENDASKEEVKEVLQALEELAVNYDQKSQEVEDKTKEYELLSDELNQKSATLASIDAELQKLKEMTNHQKKRAAEMMASLLKDLA,False,False,False,0,0,0.9998770187392721,1.2942414829028791e-05,0.00011003884589890513
204,6yjd,0.6538461538461539,2,LRVNYGSCVSEYNDLTKSLARERDTSRRLLAEKEREMAEMRARMQQQLDEYQELLDIKLALDMEIHAY,MPLKPEEHEDILNKLLDPELAQSERTEALQQLRVNYGSCVSEYNDLTKSLARERDTSRRLLAEKEREMAEMRARMQQQLDEYQELLDIKLALDMEIHAYRKLLE,False,False,True,0,0,0.9963347179396439,4.3611713128785323e-07,0.003664845943224916
205,2xdj,0.9242424242424242,3,VEDRVTQLERISNAHSQLLTQLQQQLSDNQSDIDSLRGQIQENQYQLNQVVERQKQILLQI,SVEDRVTQLERISNAHSQLLTQLQQQLSDNQSDIDSLRGQIQENQYQLNQVVERQKQILLQIDSLS,True,False,True,1,1,0.00094121544649967,0.9921082619718458,0.006950522581654589
206,1mof,0.5471698113207547,3,LREVEKSISNLEKSLTSLSEVVLQNRRGL,DLREVEKSISNLEKSLTSLSEVVLQNRRGLDLLFLKEGGLCAALKEECAFYAD,False,False,True,1,1,0.001460140570848962,0.9978322588614066,0.0007076005677444538
207,3vn0,0.75,2,ILRLKQINIQLATKIQHLEFSSSEKEQEIERLNKLL,GSERQILRLKQINIQLATKIQHLEFSSSEKEQEIERLNKLLKQNGLLG,True,False,True,0,0,0.9895179715921838,0.009173835286844009,0.0013081931209722045
208,7bgf,0.8928571428571429,2,VQGLQVKVTKLKQERILDAQRLEEFFTKNQQLREQQKVLHETIKVLEDRLRAGLADRAAVTEEHMRKKQQEFENIRQQNLKLITELMNERNTLQEENKKL,HDREVQGLQVKVTKLKQERILDAQRLEEFFTKNQQLREQQKVLHETIKVLEDRLRAGLADRAAVTEEHMRKKQQEFENIRQQNLKLITELMNERNTLQEENKKLSEQL,True,False,True,0,0,0.9995937958016864,1.1245666808386642e-05,0.0003949585315051828
209,1uii,0.7704918032786885,2,WKEVAEKRRKALYEALKENEKLHKEIEQKDNEIARLKKENKELAEVA,ENPSSQYWKEVAEKRRKALYEALKENEKLHKEIEQKDNEIARLKKENKELAEVAEHVQYMA,False,False,True,0,0,0.9946323333041334,0.0050191738167338395,0.000348492879132668
210,3uia,0.8113207547169812,3,LSGIVQQQNNLLRAIEAQQHLLQLTVWGLKQIQARILAVERYL,QARQLLSGIVQQQNNLLRAIEAQQHLLQLTVWGLKQIQARILAVERYLKDQQ,True,False,True,1,1,0.004980388720026861,0.9932074957880709,0.0018121154919022774
211,5jvm,0.573170731707317,2,KDTLLREFQEEIARLKAQLEKKGMLVEDLEKERDFYFGKLRNIELIC,LSNEDPKDTLLREFQEEIARLKAQLEKKGMLVEDLEKERDFYFGKLRNIELICQENEGENDPVLQRIVDILYATDEGFV,True,False,True,0,0,0.9991487048721869,0.0008411613764453313,1.0133751367671566e-05
212,4h7r,0.8064516129032258,4,IKAIAQEIKAIAKEIKAIAWEIKAI,GEIKAIAQEIKAIAKEIKAIAWEIKAIAQGY,False,False,True,2,0,3.014086780019499e-08,0.010929670506085664,0.9890702993530465
213,3h7z,0.6229508196721312,3,LKTANSYTDVTVSNSTKKAIRESNQYTDHKFHQLDNRL,HTLKTANSYTDVTVSNSTKKAIRESNQYTDHKFHQLDNRLDKLDTRLLKLLASSAALNSLL,False,False,True,1,1,1.3036572020456018e-07,0.9939611595177144,0.006038710116565317
214,6nv1,0.8260869565217391,4,LAVAASIIGILHLILWILD,DPLAVAASIIGILHLILWILDRL,False,False,True,2,0,1.3820595867073917e-05,0.0017259214467685079,0.9982602579573645
215,5d60,0.9272727272727272,4,QIAALSESLQATQQQLQALQQQCYELEKTNRLLVSEVMTLQKMVKAQNQAS,SQQQIAALSESLQATQQQLQALQQQCYELEKTNRLLVSEVMTLQKMVKAQNQASN,True,False,True,2,0,0.026010752389124002,0.0022635295758238433,0.9717257180350521
216,2o1k,0.8372093023255814,4,MDRVVKEMRRQLEMIDKLTTREIEQVELLKRIYDKL,IEKQMDRVVKEMRRQLEMIDKLTTREIEQVELLKRIYDKLTVQ,False,False,True,2,0,0.013230900579282678,2.4920955631515325e-05,0.9867441784650859
217,2o1j,0.6590909090909091,4,MRRQLEMIDKLTTREIEQVELLKRIYDKL,IETQMDRVVKEMRRQLEMIDKLTTREIEQVELLKRIYDKLTVR,True,False,True,2,0,8.11233151515278e-05,0.026589040286265735,0.9733298363985828
218,6qp4,0.6560509554140127,3,LHALATVVAQNKADIKDLDDEVGLLGEEINSLEGEIFNNQDAIAKNQADIKTLESNVEEGLLDLSGRLLDQKADIDNNINNIYELAQQQDQHSSDIKTLKNNV,TGNGTVSVGKKGKERQIVHVGAGEISDTSTDAVNGSQLHALATVVAQNKADIKDLDDEVGLLGEEINSLEGEIFNNQDAIAKNQADIKTLESNVEEGLLDLSGRLLDQKADIDNNINNIYELAQQQDQHSSDIKTLKNNVEEGLLDLSGRLIDL,True,False,True,1,1,0.005913917979351108,0.9925700720685061,0.0015160099521426826
219,5k7b,0.9310344827586208,2,LRAELRDLELEEARLVQELEDVDRNNARAAADLQAAQAEAAELDQQERQHYRDYSALKRQQLELLDQLGNVENQLQYARVQ,AALRAELRDLELEEARLVQELEDVDRNNARAAADLQAAQAEAAELDQQERQHYRDYSALKRQQLELLDQLGNVENQLQYARVQRDRL,True,False,False,0,0,0.9988450219132399,0.0005009442250356339,0.0006540338617245017
220,3k7z,0.5806451612903226,3,LEDKVEELLSKAYHLENE,KQLEDKVEELLSKAYHLENEVARLKKLVG,True,False,False,1,1,0.003417903025617393,0.9711484561335242,0.02543364084085837
221,1piq,0.8064516129032256,3,MKQIEDKIEEILSKQYHIENEIARI,RMKQIEDKIEEILSKQYHIENEIARIKKLIG,False,False,True,1,1,0.0005359925210741721,0.9862172219087144,0.013246785570211483
222,6wsm,0.5675675675675675,2,VKETELELKEKERELHEKFEHLKRVHQEEKRKVEEKRRELEE,SELQRKEEEMRQMFVNKVKETELELKEKERELHEKFEHLKRVHQEEKRKVEEKRRELEEETNAFNRRKAAVEAL,False,False,False,0,0,0.9994169501536377,0.0003407171952655639,0.00024233265109680632
223,1eq7,0.8214285714285715,3,IDQLSSDVQTLNAKVDQLSNDVNAMRSDVQAAKDDAARANQRLDNM,SSNAKIDQLSSDVQTLNAKVDQLSNDVNAMRSDVQAAKDDAARANQRLDNMATKYR,False,False,True,1,1,4.7628374174446905e-05,0.9754724673813783,0.024479904244447293
224,1zvb,0.6470588235294118,3,LSSNFGAISSVLNDILSRLDKV,LNTLVKQLSSNFGAISSVLNDILSRLDKVEAEV,True,False,True,1,1,3.817933886725573e-07,0.9833006903619043,0.016698927844707022
225,2q5u,0.7333333333333333,3,IEDKIEEIESKQKKIENEIARIKKLLQLTVWGI,RMKQIEDKIEEIESKQKKIENEIARIKKLLQLTVWGIKQLQARIL,False,False,True,1,1,0.003294449002352257,0.9919202889807589,0.004785262016888873
226,6q5q,0.71875,4,LEAIAQKLEAIAKKLEAIAWKLE,GKLEAIAQKLEAIAKKLEAIAWKLEAIAQGAG,False,False,False,2,0,0.0011830514892403761,0.00048081299413090477,0.9983361355166287
227,6q5s,0.8,4,LEALAQELEALAKKLKALAWKLKA,GELEALAQELEALAKKLKALAWKLKALAQG,False,False,False,2,0,0.0007044880752744652,0.0005829737865844644,0.9987125381381411
228,6q5o,0.8,4,LKALAQELKALAKELKALAWELKA,GELKALAQELKALAKELKALAWELKALAKG,False,False,False,2,0,0.00017436733232227544,0.00018644955291863567,0.999639183114759
229,6mcd,0.8888888888888888,3,WEALEKKLAACESKAQALEKKLQALEKKLEAL,EWEALEKKLAACESKAQALEKKLQALEKKLEALEHG,False,False,True,1,1,0.015830929420134195,0.9840104685678713,0.00015860201199452276
230,3u1c,0.8613861386138614,2,MQMLKLDKENALDRAEQAEADKKAAEERSKQLEDDIVQLEKQLRVTEDSRDQVLEELHKSEDSLLFAEENAAKAESEVASLNRRIQL,AGHMDAIKKKMQMLKLDKENALDRAEQAEADKKAAEERSKQLEDDIVQLEKQLRVTEDSRDQVLEELHKSEDSLLFAEENAAKAESEVASLNRRIQLVEEE,False,False,False,0,0,0.999463047072552,2.821981776605757e-05,0.0005087331096819194
231,3u1a,0.8536585365853658,2,KKKMQMLKLDKENALDRAEQAEADKKAAEERSKQLEDDIVQLEKQLRVTEDSRDQVLEELHKSEDSLLF,HMDAIKKKMQMLKLDKENALDRAEQAEADKKAAEERSKQLEDDIVQLEKQLRVTEDSRDQVLEELHKSEDSLLFAEENAAKA,True,True,True,0,0,0.9843984607083996,4.177050456863556e-06,0.015597362241143452
232,5fcn,0.7222222222222222,2,REHSDQHVKELKTSLKKCARETADLKFLNNQYAHKLKLL,GSNNELYLELMKLREHSDQHVKELKTSLKKCARETADLKFLNNQYAHKLKLLE,True,False,True,0,0,0.9858410609256882,0.000429631919967775,0.013729307154343917
233,1ybk,0.7115384615384616,4,ADDIVYRLTVIIDDRYESLKNLITLRADRLEMIINDN,INETADDIVYRLTVIIDDRYESLKNLITLRADRLEMIINDNVSTILASI,True,False,True,2,0,1.4631910487157428e-07,0.013907079431266473,0.9860927742496287
234,3twe,0.6538461538461539,4,YKELEDLQERLRKLRK,NADELYKELEDLQERLRKLRKKLRS,True,True,False,2,0,0.012757665001330687,2.3039099705822662e-08,0.9872423119595695
235,5d5y,0.84,4,AALSESLQATQQQLQALQQQCYELEKTNRLLVSEVMTLQKM,SQQQIAALSESLQATQQQLQALQQQCYELEKTNRLLVSEVMTLQKMVKAQ,False,True,True,2,0,0.0047124939466991,0.0011950972086782225,0.9940924088446226
237,3m06,0.5806451612903226,3,LLQRCESLEKKTATFENIVCVLNREVERVAMTAEAC,ELLQRCESLEKKTATFENIVCVLNREVERVAMTAEACSRQHRLDQDKIEALSSKVQQLERSI,False,False,True,1,1,0.017366846199650652,0.9808809406612692,0.0017522131390802498
238,4zqa,0.6046511627906976,2,YQKRMKKLDQQYRERIRNAELFLQLETEQVERNYIKEKKAAVKEFEDKKVEL,SNAGTLQEYQKRMKKLDQQYRERIRNAELFLQLETEQVERNYIKEKKAAVKEFEDKKVELKENLIAELEEKKKMIENEKLTMELTG,False,False,False,0,0,0.999384799146088,0.0006105945820741806,4.606271837787703e-06
239,4njl,0.5813953488372093,3,QQVLSENQKLIANKFNQALGAMQTGFTTTNEAFQKVQDAVNNNAQALSKLASELSNTFGAISASIGDIIQRLDVL,ITQQVLSENQKLIANKFNQALGAMQTGFTTTNEAFQKVQDAVNNNAQALSKLASELSNTFGAISASIGDIIQRLDVLEQSGGRGGSIPNFGSLTQINTTLLDLTYEMLSLQQVVKALNESYIDLKELGN,False,False,True,1,1,0.012462567997673925,0.9857847172385933,0.0017527147637327407
240,4nj0,0.8620689655172413,2,MKQLEDKIEELLSKNYHLENEVARL,RMKQLEDKIEELLSKNYHLENEVARLKKLV,True,False,True,0,0,0.9551268912929591,0.03934787031169615,0.005525238395344768
241,4nj2,0.8787878787878788,2,MKQLEDKIEELLSKNYHLENEIARLKKLI,RMKQLEDKIEELLSKNYHLENEIARLKKLIGER,False,False,True,0,0,0.9502755820058678,0.03675480996010804,0.012969608034024119
242,4nj1,0.8064516129032258,2,MKQLEDKIEELLSKNYHLENEIARL,RMKQLEDKIEELLSKNYHLENEIARLKKLVG,True,False,True,0,0,0.9873031114219865,0.006128236269249802,0.006568652308763697
243,5kb1,0.8888888888888888,3,WEALEKKLAALESKCQALEKKLQALEKKHEAL,EWEALEKKLAALESKCQALEKKLQALEKKHEALEHG,False,False,True,1,1,0.0003046279071543502,0.9942559910674329,0.0054393810254128264
244,4h22,0.8765432098765432,2,YKKAMVSNAQLDNEKTNFMYQVDTLKDMLLELEEQLAESRRQYEEKNKEFEREKHAHSILQFQFAEVKEAL,EEKYKKAMVSNAQLDNEKTNFMYQVDTLKDMLLELEEQLAESRRQYEEKNKEFEREKHAHSILQFQFAEVKEALKQREEML,True,False,True,0,0,0.9998593634081805,5.1393967087889026e-06,0.0001354971951108599
245,1kyc,0.8000000000000002,3,LRRRIEELERRI,EELRRRIEELERRIR,False,False,True,1,1,6.494755909274565e-06,0.9950974129380821,0.004896092306008584
246,2zfc,0.9090909090909092,3,LVQQQNNILRALEATQHAVQALVWGVKQLQARVLALERYI,VSGLVQQQNNILRALEATQHAVQALVWGVKQLQARVLALERYIK,False,False,True,1,1,0.00017396863775056458,0.9834875716686322,0.016338459693617264
247,5djn,0.8311688311688312,2,IRELREEVEKLREQLSQAEAMKAELKEKLEESEKLIKELTVTWEEKLRKTEAIAQERQRQLESM,PNAKVIRELREEVEKLREQLSQAEAMKAELKEKLEESEKLIKELTVTWEEKLRKTEAIAQERQRQLESMGISLETSG,True,False,True,0,0,0.9699889291822152,0.030002056321795676,9.014495989048959e-06
