,pdb,cc_cov,chains,cc_sequence,full_sequence,full_seq_corr,cc_seq_corr,parallel,register,y,y_pred,prob_dimer,prob_trimer,prob_tetramer
0,3e7k,0.8518518518518519,4,TFERVEQMSIQIKEVGDRVNYIKRSLQSLDSQIGHLQDLSALTVDT,SRVTFERVEQMSIQIKEVGDRVNYIKRSLQSLDSQIGHLQDLSALTVDTLKT,True,False,False,defgabcdefgabcdefgabcdefgabcdefgabcdefgabcdefg,2,2,0.01531862308887603,0.03514809948698401,0.94953327742414
1,6us8,0.8260869565217391,4,LVVAASIIGILHLILWILD,DPLVVAASIIGILHLILWILDRL,True,False,True,cdefgabcabcdefgdefg,2,2,0.004013241717877182,0.1480526970752775,0.8479340612068453
2,5kht,0.8936170212765957,2,DAIKKKMQMLKLDKENALDRAEQAEADNYHLENEVARLKKL,GMDAIKKKMQMLKLDKENALDRAEQAEADNYHLENEVARLKKLVGER,False,True,True,bcdefgabcdefgabcdefgabcdefgabcdefgabcdefg,0,0,0.914066982916589,0.002315423547169902,0.0836175935362411
3,5c9n,0.671875,2,CSWEEAQLSSQLYRNKQLQDTLVQKEEELARLHEENNHLRQYL,LPDLCSWEEAQLSSQLYRNKQLQDTLVQKEEELARLHEENNHLRQYLNSALVKCEEEKAKK,True,False,True,abcdefgabcdefgabcdefgabcdefgabcdefgabcdefga,0,0,0.9650169642525824,0.007712255483378365,0.027270780264039174
4,3a2a,0.8780487804878049,2,LLRLKQMNVQLAAKIQHLEFSCSEKEQEIERLNKLL,RQLLRLKQMNVQLAAKIQHLEFSCSEKEQEIERLNKLLRQH,False,False,True,abcdefgabcdefgabcdefgabcdefgabcdefga,0,0,0.9238397263457673,0.006651898753986876,0.06950837490024589
5,3bj4,0.8918918918918919,4,IGARLNRVEDKVTQLDQRLALITDMLHQLLSLH,SNTIGARLNRVEDKVTQLDQRLALITDMLHQLLSLHG,True,False,True,defgabcdefgabcdefgabcdefgabcdefga,2,2,0.0029922280485311253,0.1058323862080937,0.8911753857433752
6,4w80,0.59375,4,EDQEKLKTELRKTSDALSKAQNDVMEMKMQSERLSK,ECVLEAENKKLVEDQEKLKTELRKTSDALSKAQNDVMEMKMQSERLSKEYDQLLKEHS,True,True,False,fgabcdefgabcdefgabcdefgabcdefgabcdef,2,2,0.20985282258709298,0.07348442445192369,0.7166627529609834
7,3w8v,0.90625,3,VARLEKKVSALEKKVAGLEKEVARLKKLV,RVARLEKKVSALEKKVAGLEKEVARLKKLVGE,False,False,True,abcdefgabcdefgabcdefgabcdefga,1,1,0.0023323515959848525,0.9965752042432481,0.0010924441607667878
8,5k9l,0.9101123595505618,2,LRAELRDLELEEARLVQELEDVDRNLARAAADLQAAQAEAAELDQQERQHYRDYSALKRQQLELLDQLGNVENQLQYARVQ,EAAALRAELRDLELEEARLVQELEDVDRNLARAAADLQAAQAEAAELDQQERQHYRDYSALKRQQLELLDQLGNVENQLQYARVQRDRL,True,False,False,defgabcdefgabcdefgabcdefgabcdefgabcdefgabcdefgabcdefgabcdefgabcdefgabcdefgabcdefg,0,0,0.9595509463382429,0.040070915988594295,0.00037813767316275824
9,5k92,0.8620689655172414,3,WEALEKKLAALESKCQALEKKLEAL,EWEALEKKLAALESKCQALEKKLEALEHG,False,False,True,abcdefgabcdefgabcdefgabcd,1,1,0.03298465955277482,0.9634776804564094,0.003537659990815685
10,6osd,0.7575757575757575,3,VEALEKKVEALEFKVQKLEKKVEAL,EVEALEKKVEALEFKVQKLEKKVEALEHGWDGR,False,False,True,abcdefgabcdefgabcdefgabcd,1,1,0.006734119578250798,0.9928809165603493,0.0003849638613999494
11,1jcd,0.84,3,DQASSDAQTANAKADQASNDANAARSDAQAAKDDAARANQR,NAKADQASSDAQTANAKADQASNDANAARSDAQAAKDDAARANQRADNAA,True,True,True,bcdefgabcdefgabcdefgabcdefgabcdefgabcdefg,1,1,0.0008365575087322191,0.9991311652936787,3.2277197589020364e-05
12,1jcc,0.7200000000000001,3,AQTANAKADQASNDANAARSDAQAAKDDAARANQR,SSNAKIDQLSSDAQTANAKADQASNDANAARSDAQAAKDDAARANQRLDNM,True,True,True,abcdefgabcdefgabcdefgabcdefgabcdefg,1,1,0.0006910473139361464,0.9993043666000101,4.586086053671243e-06
13,1zik,0.8333333333333334,2,MKQLEDKVEELLSKKYHLENEVARL,RMKQLEDKVEELLSKKYHLENEVARLKKLV,False,False,True,abcdefgabcdefgabcdefgabcd,0,0,0.6071428946416608,0.07048996353716905,0.3223671418211701
14,1zil,0.8333333333333334,2,MKQLEDKVEELLSKQYHLENEVARL,RMKQLEDKVEELLSKQYHLENEVARLKKLV,False,False,True,abcdefgabcdefgabcdefgabcd,0,0,0.6117269797663829,0.15263943759307003,0.23563358264054712
15,1zim,0.6875,3,LEDKVEELLSKQYHLENEVARL,RMKQLEDKVEELLSKQYHLENEVARLKKLVGE,False,False,True,defgabcdefgabcdefgabcd,1,1,0.10896884060772834,0.5965376707161363,0.2944934886761353
16,4zxq,0.6785714285714285,3,VGAIAGKANEAGQGAYDAQVKNDEQDVELADHEARIKQLRIDVDDHESRITANTKAITALNVRVTTAEGEIASLQTNVSALDGRVTTAENNISAL,MADPSLNNPVVIQATRLDASILPRNVFSKSYLLYVIAQGTDVGAIAGKANEAGQGAYDAQVKNDEQDVELADHEARIKQLRIDVDDHESRITANTKAITALNVRVTTAEGEIASLQTNVSALDGRVTTAENNISALQADY,False,False,True,abcdefgabcdefgabcdefgabcdefgabcdefgabcdefgabcdefgabcdefgabcdefgabcdefgabcdefgabcdefgabcdefgabcd,1,1,0.12673969055531922,0.8732203459535499,3.9963491130744035e-05
17,6u47,0.7575757575757575,3,VEALEKKVEALEAKVQKLEKKVEAL,EVEALEKKVEALEAKVQKLEKKVEALEHGWDGR,False,False,True,abcdefgabcdefgabcdefgabcd,1,1,0.00014754628151839253,0.9976425661257824,0.002209887592699186
18,1kfn,0.8867924528301887,3,SNAKIDQLSSDVQTLNAKVDQASNDANAARSDAQAAKDDAARANQRL,SSNAKIDQLSSDVQTLNAKVDQASNDANAARSDAQAAKDDAARANQRLDNMAT,False,False,True,defgabcdefgabcdefgabcdefgabcdefgabcdefgabcdefga,1,1,0.0014512979256842617,0.9676848384735305,0.03086386360078532
19,1kfm,0.86,3,IDQLSSDVQTLNAKVDQLSNDVNAARSDAQAAKDDAARANQRL,SNAKIDQLSSDVQTLNAKVDQLSNDVNAARSDAQAAKDDAARANQRLDNM,False,False,True,abcdefgabcdefgabcdefgabcdefgabcdefgabcdefga,1,1,0.0026183156736514232,0.9950398783623253,0.002341805964023359
20,6snz,0.8625,2,IKAAYEAELGDARKTLDSVAKERARLQLELSKVREEFKELKARNTKKEGDLIAAQARLKDLEALLNSKEAALSTALSEKRTLEGELHDLRGQVAKLEAALGEAKKQLQDEMLRRVDAENRLQTMKEELDFQKNIYSEE,GSESEEVVSREVSGIKAAYEAELGDARKTLDSVAKERARLQLELSKVREEFKELKARNTKKEGDLIAAQARLKDLEALLNSKEAALSTALSEKRTLEGELHDLRGQVAKLEAALGEAKKQLQDEMLRRVDAENRLQTMKEELDFQKNIYSEELRE,True,False,True,gabcdefgabcdefgabcdefgabcdefgabcdefgabcdefgabcdefgabcdefgabcdefgabcdefgabcdefgabcdefgabcdefgabcdefgabcdefgabcdefgabcdefgabcdefgabcdefgabcd,0,0,0.9759983469021722,0.023968611993209255,3.304110461850246e-05
21,2akf,0.8125,3,LEEDVRNLNAIVQKLQERLDRLEETV,VSRLEEDVRNLNAIVQKLQERLDRLEETVQAK,False,False,True,defgabcdefgabcdefgabcdefga,1,1,0.0015536811178466655,0.8341514596188148,0.1642948592633386
22,2o7h,0.7878787878787877,3,LEDKVEELLSKNYHLENRVARLEKLV,MKQLEDKVEELLSKNYHLENRVARLEKLVG,True,False,True,defgabcdefgabcdefgabcdefga,1,1,0.06403261998230207,0.7165274267929165,0.21943995322478155
23,3q8t,0.925531914893617,2,SEQLQRELKELALEEERLIQELEDVEKNRKVVAENLEKVQAEAERLDQEEAQYQREYSEFKRQQLELDDELKSVENQMRYAQMQLDK,GSDSEQLQRELKELALEEERLIQELEDVEKNRKVVAENLEKVQAEAERLDQEEAQYQREYSEFKRQQLELDDELKSVENQMRYAQMQLDKLKK,True,False,False,abcdefgabcdefgabcdefgabcdefgabcdefgabcdefgabcdefgabcdefgabcdefgabcdefgabcdefgabcdefgabc,0,0,0.9945438101371182,0.0001052273078877126,0.005350962554994002
24,3hro,0.7837837837837838,3,FQVLVRRVDRMEHSIGSIVSKIDAVIVKL,VSYEEFQVLVRRVDRMEHSIGSIVSKIDAVIVKLEIM,False,False,True,abcdefgabcdefgabcdefgabcdefga,1,1,0.011180189325043052,0.9227719103453433,0.06604790032961348
25,3hrn,0.5714285714285714,3,FQVLVRRVDRMEHSIGSIVSKIDAVIVKLEIMERAK,GVSYEEFQVLVRRVDRMEHSIGSIVSKIDAVIVKLEIMERAKLKRREVLGRLLDGVAEDERLG,False,False,True,abcdefgabcdefgabcdefgabcdefgabcdefga,1,1,0.18948057413804648,0.7849356355939039,0.025583790268049734
26,3gjp,0.7142857142857143,3,MKQLEDKVEELLSKNYHLENEIARI,GSRMKQLEDKVEELLSKNYHLENEIARIKKLVGE,True,False,True,abcdefgabcdefgabcdefgabcd,1,0,0.47668555601743484,0.44739361883606205,0.07592082514650303
27,5vr2,0.86,2,LEAAYNNLLRDKSALEEEKRQLEQENEDLARRLESSSEEVTRL,RDLEAAYNNLLRDKSALEEEKRQLEQENEDLARRLESSSEEVTRLRRGQC,False,False,True,defgabcdefgabcdefgabcdefgabcdefgabcdefgabcd,0,0,0.9376112731702193,0.05189947340867644,0.01048925342110429
28,2r2v,0.6666666666666666,4,ADKLEEVASKLYHNANELARVA,KLKQVADKLEEVASKLYHNANELARVAKLLGE,True,False,False,efgabcdefgabcdefgabcde,2,2,0.0009024309428914357,0.19230339859206297,0.8067941704650456
29,2wpz,0.935483870967742,3,MKQLEDKVEENLSKVYHNENEVARLKKLV,RMKQLEDKVEENLSKVYHNENEVARLKKLVG,True,False,True,abcdefgabcdefgabcdefgabcdefga,1,1,0.02153567734535093,0.954040067033256,0.024424255621393103
30,2wpy,0.90625,3,MKQLEDKVEELLSKVYHNENEVARLKKLV,RMKQLEDKVEELLSKVYHNENEVARLKKLVGE,False,False,True,abcdefgabcdefgabcdefgabcdefga,1,1,0.0054851830217096855,0.5692556286558847,0.42525918832240556
31,2wpq,0.9292929292929294,3,IEDKIEEILSKIYHIENEIARIKKLIFDTNEKVDQNTADITTNTNSINQNTTDIATNTTNINNLSDSMKQIEDKIEEILSKIYHIENEIARI,MKQIEDKIEEILSKIYHIENEIARIKKLIFDTNEKVDQNTADITTNTNSINQNTTDIATNTTNINNLSDSMKQIEDKIEEILSKIYHIENEIARIKKLI,False,False,True,defgabcdefgabcdefgabcdefgabcdefgabcdefgabcdefgabcdefgabcdefgabcdefgabcdefgabcdefgabcdefgabcd,1,1,0.021191450946077946,0.9611537380956456,0.0176548109582765
32,1no4,0.5194805194805194,2,LRVNYGSFVSEYNDLTKSHEKLAAEKDDLIVSNSKLFRQI,PLKPEEHEDILNKLLDPELAQSERTEALQQLRVNYGSFVSEYNDLTKSHEKLAAEKDDLIVSNSKLFRQIGLTEK,True,False,True,defgabcdefgabcdefgabcdefgabcdefgabcdefga,0,0,0.6572489369168486,0.33590294901504797,0.006848114068103368
33,6ytu,0.7058823529411765,2,IANLERWVKREMHVWREVFYRLER,QETIANLERWVKREMHVWREVFYRLERWADRLE,True,False,False,defgabcdefgabcdefgabcdef,0,0,0.7828412477816623,0.1218693501750153,0.09528940204332241
34,1w5l,0.875,4,MKQIEDKLEEILSKGYHICNELARIKKL,RMKQIEDKLEEILSKGYHICNELARIKKLLGE,True,False,True,abcdefgabcdefgabcdefgabcdefg,2,2,0.005111227871644433,0.03129937488109276,0.9635893972472628
35,1w5i,0.875,4,MKQIEDKLEEILSKLYHIENELARIKKL,RMKQIEDKLEEILSKLYHIENELARIKKLLGE,True,False,True,abcdefgabcdefgabcdefgabcdefg,2,2,0.062349670138628285,0.00026982541282915363,0.9373805044485426
36,1w5h,0.7741935483870968,4,IEDKLEEILSKLHHICNELARIKK,MKQIEDKLEEILSKLHHICNELARIKKLLGE,False,False,False,defgabcdefgabcdefgabcdef,2,2,0.010344376215491124,0.00996712339603627,0.9796885003884725
37,6c52,0.68,4,LEELRRKLQEAEHKAR,SKLEELRRKLQEAEHKARELQEKWG,False,True,False,abcdefgabcdefgab,2,0,0.5072528078425231,0.041551718841678006,0.4511954733157987
38,4j4a,0.5555555555555556,3,IKLRIMEIEARIAKI,LELIKLRIMEIEARIAKIEKDRAIL,True,False,True,defgabcdefgabcd,1,1,0.013245528480881197,0.9851378279907113,0.0016166435284074936
39,5d3a,0.8414634146341463,2,MEADMNRLLKQREELTKRREKLSKRREKIVKENGEGDKNVANINEEMESLTANIDYINDSISDCQA,GSMTISNMEADMNRLLKQREELTKRREKLSKRREKIVKENGEGDKNVANINEEMESLTANIDYINDSISDCQANIMQMEEAK,False,True,False,defgabcdefgabcdefgabcdefgabcdefgabcdefgabcdefgabcdefgabcdefgabcdef,0,0,0.7598959789957787,0.16520607886448604,0.07489794213973534
40,4pxj,0.8035714285714286,2,LNVVKNDLIAKVDQLSGEQEVLRGELEAAKQAKVKLENRIKELEE,PEFTKNALNVVKNDLIAKVDQLSGEQEVLRGELEAAKQAKVKLENRIKELEEELKR,True,False,False,defgabcdefgabcdefgabcdefgabcdefgabcdefgabcdef,0,0,0.9611089924825889,0.010999658765719487,0.027891348751691598
41,5et3,0.8,4,AESALEYAQQALEKAQLALQAARQ,AEAESALEYAQQALEKAQLALQAARQALKA,False,False,False,defgabcdefgabcdefgabcdef,2,2,0.03622084733849455,0.42806494516071847,0.5357142075007869
42,1hqj,0.8000000000000002,3,LERRIRELEARI,DELERRIRELEARIK,False,False,True,defgabcdefga,1,1,0.00018376150774962512,0.9963411990962477,0.0034750393960027983
43,2wq1,0.90625,3,MKQLEDKIEENTSKIYHNTNEIARNTKLV,RMKQLEDKIEENTSKIYHNTNEIARNTKLVGE,False,False,True,abcdefgabcdefgabcdefgabcdefga,1,1,0.003696066179870776,0.9605029483741149,0.03580098544601448
44,2wq0,0.8387096774193549,3,LEDKIEENTSKIYHNTNEIARNTKLV,MKQLEDKIEENTSKIYHNTNEIARNTKLVGE,False,False,True,defgabcdefgabcdefgabcdefga,1,1,0.0003022426283167556,0.850391567215525,0.1493061901561583
45,4hlr,0.7096774193548386,3,LQLTVWGLKQIQARILAVERYL,QQHLLQLTVWGLKQIQARILAVERYLKDQQL,False,False,True,abcdefgabcdefgabcdefga,1,1,0.002557494529660737,0.7287220361786988,0.26872046929164056
46,4ypc,0.7228915662650602,3,RDNLAEDIMRLREKLQEEMLQREEAENTLQSFRQDVDNASLARLDLERKVESLQEEIAFL,VDQLTNDKARVEVERDNLAEDIMRLREKLQEEMLQREEAENTLQSFRQDVDNASLARLDLERKVESLQEEIAFLKKLHEEEIQ,False,False,True,abcdefgabcdefgabcdefgabcdefgabcdefgabcdefgabcdefgabcdefgabcd,1,1,0.26163308949221903,0.7337691327609542,0.0045977777468267245
47,6mjh,0.56,4,NIIGILHLILWILD,SSDPLVVAANIIGILHLILWILDRL,False,False,True,efgabcdefgdefg,2,2,0.0007307101146586356,0.03529047210594022,0.9639788177794012
48,4dme,0.8787878787878788,3,MKQLEDKVEELLSKNYHLENEVARLKKLV,RMKQLEDKVEELLSKNYHLENEVARLKKLVGER,False,False,True,abcdefgabcdefgabcdefgabcdefga,1,0,0.602209031164741,0.18148308182330516,0.21630788701195391
49,6wb3,0.5666666666666667,2,IREKDEELRRMQEMLHK,ETEKLIREKDEELRRMQEMLHKIQKQMKEN,False,False,False,defgabcdefgabcdef,0,0,0.9519111252477327,0.007281165194545265,0.04080770955772223
50,6gaj,0.9,3,IKKQVQVNVDDIRAANIKLDGLGRQIADISNSISTIESRLGEMDNRLVGISSQVTQLSNSVSQNTQSISSLGDRINAVEPRVDSLDTVTSNLTGRTSTLEADVGSLRTELAALTTRV,EEIKKQVQVNVDDIRAANIKLDGLGRQIADISNSISTIESRLGEMDNRLVGISSQVTQLSNSVSQNTQSISSLGDRINAVEPRVDSLDTVTSNLTGRTSTLEADVGSLRTELAALTTRVTTEVTRLDGLI,True,False,True,defgabcdefgabcdefgabcdefgabcdefgabcdefgabcdefgabcdefgabcdefgabcdefgabcdefgabcdefgabcdefgabcdefgabcdefgabcdefgabcdefga,1,1,0.09140375419201223,0.9083196494703195,0.000276596337668287
51,1ij2,0.8333333333333334,3,MKQLEDKVEELLSKTYHLENEVARL,RMKQLEDKVEELLSKTYHLENEVARLKKLV,True,False,True,abcdefgabcdefgabcdefgabcd,1,1,0.060999677026192176,0.542411837547992,0.3965884854258159
52,1ij0,0.935483870967742,3,MKQLEDKVEESLSKVYHLENEVARLKKLV,RMKQLEDKVEESLSKVYHLENEVARLKKLVG,False,False,True,abcdefgabcdefgabcdefgabcdefga,1,1,0.009951234405277913,0.8458997585853755,0.14414900700934663
53,1ij1,0.935483870967742,3,MKQLEDKVEETLSKVYHLENEVARLKKLV,RMKQLEDKVEETLSKVYHLENEVARLKKLVG,False,False,True,abcdefgabcdefgabcdefgabcdefga,1,1,0.0015471147276435037,0.8124445634819313,0.1860083217904252
54,1ij3,0.78125,3,MKQLEDKVEELLSKSYHLENEVARL,RMKQLEDKVEELLSKSYHLENEVARLKKLVG,True,False,True,abcdefgabcdefgabcdefgabcd,1,1,0.11659965916760366,0.5358515727159255,0.3475487681164708
55,1gcl,0.5806451612903226,4,LEEILSKLYHIENELARI,RMKQIEDKLEEILSKLYHIENELARIKKLLG,False,False,True,abcdefgabcdefgabcd,2,2,0.00098943114231733,0.008451931978662012,0.9905586368790207
56,1gcm,0.8064516129032256,3,MKQIEDKIEEILSKIYHIENEIARI,RMKQIEDKIEEILSKIYHIENEIARIKKLIG,True,False,True,abcdefgabcdefgabcdefgabcd,1,1,0.22232140106424544,0.5459362116177529,0.23174238731800173
57,5wll,0.6153846153846154,4,LRKILEDDARHVAELE,IEELLRKILEDDARHVAELEDIEKWL,False,False,False,abcdefgabcdefgab,2,2,0.00017271993728473786,0.13691033671799974,0.8629169433447157
58,5wlk,0.6153846153846154,4,LRKIIEDEVRHIAELE,IEELLRKIIEDEVRHIAELEDIEKWL,False,False,False,abcdefgabcdefgab,2,2,3.5595350713718464e-06,0.050797983648272295,0.9491984568166563
59,5wlj,0.6538461538461539,4,LRKILEDEARHVAELE,IEELLRKILEDEARHVAELEDIEKWL,False,True,False,abcdefgabcdefgab,2,2,0.0012624928946917873,0.27761496204146935,0.7211225450638388
60,5wlm,0.6153846153846154,4,LRKIIEDDVRHIAELE,IEELLRKIIEDDVRHIAELEDIEKWL,False,False,False,abcdefgabcdefgab,2,2,6.34068376918361e-07,0.17662677226491888,0.8233725936667042
61,2ovc,0.8333333333333334,4,EISMMGRVVKVEKQVQSIEHKLDLL,DEISMMGRVVKVEKQVQSIEHKLDLLLGFY,False,False,True,abcdefgabcdefgabcdefgabcd,2,2,0.11308147781399627,0.03707916392742888,0.8498393582585748
62,6ovs,0.7575757575757575,3,VEALEKKVEALEYKVQKLEKKVEAL,EVEALEKKVEALEYKVQKLEKKVEALEHGWDGR,False,False,True,abcdefgabcdefgabcdefgabcd,1,1,0.0007660525935662128,0.991996491784991,0.007237455621442804
63,1coi,0.8620689655172414,3,VEALEKKVAALESKVQALEKKVEAL,EVEALEKKVAALESKVQALEKKVEALEHG,False,False,True,abcdefgabcdefgabcdefgabcd,1,1,2.4360319255135973e-05,0.999768495890336,0.00020714379040891244
64,1cos,0.8620689655172414,3,WEALEKKLAALESKLQALEKKLEAL,EWEALEKKLAALESKLQALEKKLEALEHG,False,False,False,abcdefgabcdefgabcdefgabcd,1,1,0.008208059698781816,0.9767438322339419,0.015048108067276389
65,6fue,0.8421052631578947,3,IETLKQELLELKQRYEAQQKALAVLEQRVRQV,DVDIETLKQELLELKQRYEAQQKALAVLEQRVRQVEDQ,False,False,True,abcdefgabcdefgabcdefgabcdefgabcd,1,1,0.30100953824323046,0.6806947297579957,0.018295731998773768
66,1s9z,0.6875,3,IRELEARIREL,SIRELEARIRELELRI,False,False,True,abcdefgabcd,1,1,0.0017192037706567308,0.9173644471287972,0.0809163491005462
67,4nr2,0.6274509803921569,2,LQKRLLALDPMMEQEIEEIRQKYQSKRQPILD,EFLKSWTVEDLQKRLLALDPMMEQEIEEIRQKYQSKRQPILDAIEAK,True,False,False,defgabcdefgdefgabcdefgdefgabcdef,0,0,0.9213240903474016,6.332082728557091e-05,0.07861258882531276
68,1pl5,0.76,2,LDEKEKQLAVANEIIRSLSDEVMRNEIRITSLQGDLTFTKKCLENARSQISEKDAKI,SFVDIVLSKAASALDEKEKQLAVANEIIRSLSDEVMRNEIRITSLQGDLTFTKKCLENARSQISEKDAKINKLME,True,False,True,abcdefgabcdefgabcdefgabcdefgabcdefgabcdefgabcdefgabcdefga,0,0,0.8991055386972953,0.09696084474864904,0.003933616554055641
69,6l5h,0.9146341463414634,2,VNALTSELRDLRAQREEAAAAHAQEVRRLQEQARDLGKQRDSCLREAEELRTQLRLLEDARDGLRRELLEAQRKL,ESTVNALTSELRDLRAQREEAAAAHAQEVRRLQEQARDLGKQRDSCLREAEELRTQLRLLEDARDGLRRELLEAQRKLRES,False,False,True,abcdefgabcdefgabcdefgdefgabcdefgabcdefgabcdefgabcdefgabcdefgabcdefgabcdefga,0,0,0.9755896848490568,0.02413354962520612,0.0002767655257370811
70,2ba2,0.7066358024691358,3,FKEFQTVVMESFAVQNQNIDAQGEQIKELQVEQKAQGKTLQLILEALQGINKRLDNL,TRYVTHKQLDEKLKNFVTKTEFKEFQTVVMESFAVQNQNIDAQGEQIKELQVEQKAQGKTLQLILEALQGINKRLDNLES,True,False,True,defgabcdefgabcdefgabcdefgabcdefgabcdefgabcdefgabcdefgabcd,1,1,0.2514131112724292,0.7093781338452403,0.03920875488233059
71,3bat,0.922077922077922,2,MKEQLKQMDKMKEDLAKTERIKKELEEQNVTLLEQKNDLFGSMKQLEDKVEELLSKNYHLENEVARLKKLV,EEEMKEQLKQMDKMKEDLAKTERIKKELEEQNVTLLEQKNDLFGSMKQLEDKVEELLSKNYHLENEVARLKKLVGE,True,False,True,abcdefgabcdefgabcdefgabcdefgabcdefgabcdefgabcdefgabcdefgabcdefgabcdefga,0,0,0.8828421400883721,0.1166753166035747,0.0004825433080531574
72,3bas,0.9375,2,QEEEMKEQLKQMDKMKEDLAKTERIKKELEEQNVTLLEQKNDLFGSMKQLEDKVEELLSKNYHLENEVARLKKLV,ARQEEEMKEQLKQMDKMKEDLAKTERIKKELEEQNVTLLEQKNDLFGSMKQLEDKVEELLSKNYHLENEVARLKKLVGE,True,False,True,defgabcdefgabcdefgabcdefgabcdefgabcdefgabcdefgabcdefgabcdefgabcdefgabcdefga,0,0,0.8523190758687218,0.1476053868424979,7.55372887803447e-05
73,4rfx,0.92,2,LTERNLDLEEKVRELRETVGDLEAMNEMNDELQENARETELELREQLDLAAARVREAEKRVEAAQETVADYQQTIKKYRELTAHLQDVNREL,ETLTERNLDLEEKVRELRETVGDLEAMNEMNDELQENARETELELREQLDLAAARVREAEKRVEAAQETVADYQQTIKKYRELTAHLQDVNRELMSQQ,True,False,True,defgabcdefgabcdefgabcdefgabcdefgabcdefgabcdefgabcdefgabcdefgabcdefgabcdefgabcdefgabcdefgabcd,0,0,0.9426687497513011,0.057153516112826694,0.00017773413587205563
74,6q1w,0.7575757575757575,3,VEALEKKVEALEVKVQKLEKKVEAL,EVEALEKKVEALEVKVQKLEKKVEALEHGWDGR,False,False,True,abcdefgabcdefgabcdefgabcd,1,1,0.0004858051990344751,0.9981524756828776,0.0013617191180878587
75,5oiy,0.6153846153846154,4,IEARLESIEEKLSMIL,LSIEARLESIEEKLSMILGLLRTL,True,False,True,defgabcdefgabcde,2,2,0.03189588213665147,0.00021151629814845926,0.9678926015652001
76,5oi7,0.8409090909090909,2,YDSLQKIVEKQQQKMDQLRSQVQSLEQEVAQEEGTSQALREEAQRRDSALQQLRTAVKELSVQNQDLIEKNLTL,GESWQKRYDSLQKIVEKQQQKMDQLRSQVQSLEQEVAQEEGTSQALREEAQRRDSALQQLRTAVKELSVQNQDLIEKNLTLQEHLRQA,False,False,True,abcdefgabcdefgabcdefgabcdefgabcdefgabcdefgabcdefgabcdefgabcdefgabcdefgabcd,0,0,0.871262782827866,0.113789972727565,0.014947244444569008
77,4qkw,0.8712871287128713,3,LERVSTIIDGVQASQQRMEERQQQLEGSVSAVQSELLKLARDHGATATTVDKLLQKARRVSTHVKEVRSRVEKQNVRVKKVETTQDEL,SALSILSLLERVSTIIDGVQASQQRMEERQQQLEGSVSAVQSELLKLARDHGATATTVDKLLQKARRVSTHVKEVRSRVEKQNVRVKKVETTQDELL,True,False,True,abcdefgabcdefgabcdefgabcdefgabcdefgabcdefgabcdefgabcdefgabcdefgabcdefgabcdefgabcdefgabcd,1,1,0.12562697254429242,0.860215916349332,0.014157111106375497
78,2q6q,0.8548387096774194,2,NKELNFKLREKQNEIFELKKIAETLRSKLEKYVDITKKLEDQNLNLQIKISDL,QQNKELNFKLREKQNEIFELKKIAETLRSKLEKYVDITKKLEDQNLNLQIKISDLEKKLSDA,True,False,True,abcdefgabcdefgabcdefgabcdefgabcdefgabcdefgabcdefgabcd,0,0,0.9628676062487671,0.034535013767340104,0.0025973799838928625
79,3r4a,0.6785714285714286,4,IKQELAAIKKELAAIKWEL,GELAAIKQELAAIKKELAAIKWELAAIK,True,False,True,defgabcdefgabcdefga,2,2,0.0022293417277597367,0.39639746138866977,0.6013731968835704
80,4r4l,0.6808510638297872,2,LMLKEERIKELEKRLSEKEEEIQELKRKLHKC,SELEEDFAKILMLKEERIKELEKRLSEKEEEIQELKRKLHKCQSVLP,False,False,True,abcdefgabcdefgabcdefgabcdefgabcd,0,0,0.7360903091389122,2.423397223853754e-05,0.26388545688884935
81,4r4m,0.6808510638297872,2,LMLKEERIKELEKRLSEKEEEIQELKRKLHKL,SELEEDFAKILMLKEERIKELEKRLSEKEEEIQELKRKLHKLQSVLP,False,False,True,abcdefgabcdefgabcdefgabcdefgabcd,0,0,0.9516567900424647,0.0008395804682682821,0.047503629489266876
82,4jnu,0.575,4,REIKQHLKQQQEGLSHLISIIK,SYYIDADLLREIKQHLKQQQEGLSHLISIIKDDLEDIKLV,False,True,False,bcdefgabcdefgabcdefgab,2,2,0.033688293534582435,0.01211072844067865,0.9542009780247389
83,5h1x,0.6041666666666666,3,NGEKITSLHREVEKVKLDQKRLDQELDFI,NAWDRTLIENGEKITSLHREVEKVKLDQKRLDQELDFILSQQKELED,True,False,True,defgabcdefgabcdefgabcdefgabcd,1,1,0.2750013034393844,0.6903481506461043,0.03465054591451121
84,3a7o,0.6779661016949152,2,LLNTLAILQKELKSKEQEIRRLKEVIALKNKNTERLNDEL,DDALLNTLAILQKELKSKEQEIRRLKEVIALKNKNTERLNDELISGTIENNVLQ,True,False,True,defgabcdefgabcdefgabcdefgabcdefgabcdefga,0,0,0.9293046549297774,0.008001418910265895,0.0626939261599567
85,1x8y,0.8783783783783784,2,KEAKLRDLEDSLARERDTSRRLLAEKEREMAEMRARMQQQLDEYQELLDIKLALDMEIHAYRKLL,LAAKEAKLRDLEDSLARERDTSRRLLAEKEREMAEMRARMQQQLDEYQELLDIKLALDMEIHAYRKLLEGEEER,False,False,True,defgabcdefgabcdefgdefgabcdefgabcdefgabcdefgabcdefgabcdefgabcdefga,0,0,0.9784606300847765,0.00802024003065351,0.013519129884569926
86,6eb9,0.6435643564356436,4,LETLCEESVLMGVINSIKLINLDMRLNHIEEQVKKIINKLESIDRVLAKTNTALSTIEGHLVSMM,DKYIMPSDDFSNTFFPHDTDRLNYHADHLGDYDLETLCEESVLMGVINSIKLINLDMRLNHIEEQVKKIINKLESIDRVLAKTNTALSTIEGHLVSMMIMI,False,False,True,defgabcdefgabcdefgabcdefgabcdefgabcdefgabcdefgabcdefgabcdefgabcde,2,2,0.012737726695306062,0.17403626281122686,0.813226010493467
87,3tq2,0.9142857142857144,3,VSALKEKVSALKEQFLMLMFKVSALKEKVSAL,KVSALKEKVSALKEQFLMLMFKVSALKEKVSALKE,False,False,True,abcdefgabcdefgabcdefgabcdefgabcd,1,1,0.004437135969750058,0.9462213506697497,0.049341513360500126
88,6otn,0.8115942028985508,2,QQQADDAEERAERLQREVEGERRAREQAEAEVASLNRRIQLVEEELDRAQERLAT,RKIQVLQQQADDAEERAERLQREVEGERRAREQAEAEVASLNRRIQLVEEELDRAQERLATAL,True,True,True,efgabcdefgabcdefgabcdefgabcdefgabcdefgabcdefgabcdefgabc,0,0,0.8521087911284224,0.1478471242641962,4.408460738141893e-05
89,5kkv,0.8125,3,IEDKIEEILSKIYHIENEIARIKKLI,GMKQIEDKIEEILSKIYHIENEIARIKKLIGE,False,False,True,defgabcdefgabcdefgabcdefga,1,1,0.027677256563123576,0.5521876594635289,0.42013508397334764
90,6aoz,0.8648648648648649,2,YNDLQVEYGKAQLQMKELMKKFKEIQAQNFSLINENQSLKKNISALIKTARVEINRKDEEISNL,ATYNDLQVEYGKAQLQMKELMKKFKEIQAQNFSLINENQSLKKNISALIKTARVEINRKDEEISNLHL,True,False,True,abcdefgabcdefgabcdefgabcdefgabcdefgabcdefgabcdefgdefgabcdefgabcd,0,0,0.9168606218143651,0.08162229868156749,0.001517079504067448
91,3vmx,0.75,2,ILRLKQINIQLATKIQHLEFSCSEKEQEIERLNKLL,GSERQILRLKQINIQLATKIQHLEFSCSEKEQEIERLNKLLKQNGLLG,False,False,True,abcdefgabcdefgabcdefgabcdefgabcdefga,0,0,0.9385618182301236,0.009700907196555706,0.051737274573320745
92,4l0n,0.6274509803921569,2,LQMRLKALDPMMEREIEELRQRYTAKRQPILD,SMDFDFLKNLSLEELQMRLKALDPMMEREIEELRQRYTAKRQPILDAMDAK,False,False,False,defgabcdefgdefgabcdefgdefgabcdef,0,0,0.9457154870005997,4.9075072501388994e-05,0.05423543792689892
93,1nyh,0.8421052631578947,2,LSKAASALDEKEKQLAVANEIIRSLSDEVMRNEIRITSLQGDLTFTKKCLENARSQISEKDAKI,LSFVDIVLSKAASALDEKEKQLAVANEIIRSLSDEVMRNEIRITSLQGDLTFTKKCLENARSQISEKDAKINKLME,False,False,True,abcdefgabcdefgabcdefgabcdefgabcdefgabcdefgabcdefgabcdefgabcdefga,0,0,0.8374711823473415,0.15363744370073248,0.008891373951925994
94,2qdq,0.7352941176470589,2,IIAAQEEMLRKERELEEARKKLAQI,GIAQIIAAQEEMLRKERELEEARKKLAQIRQQQ,True,False,False,abcdefgabcdefgabcdefgabcd,0,0,0.9870075020955997,0.00716536363235262,0.005827134272047794
95,1kql,0.7090909090909091,2,VEELLSKNYHLENEVARLKKLVDDLEDELYAQKLKYKAI,MDKVEELLSKNYHLENEVARLKKLVDDLEDELYAQKLKYKAISEELDHALNDMT,True,False,True,abcdefgabcdefgabcdefgabcdefgabcdefgabcd,0,0,0.8626332260015754,0.08168528197633618,0.05568149202208859
96,4jzl,0.8548387096774194,2,EVKLEEENRSLKADLQKLKDELASTKQKLEKAENQVLAMRKQSEGLTKEYDRL,AEVKLEEENRSLKADLQKLKDELASTKQKLEKAENQVLAMRKQSEGLTKEYDRLLEEHAKL,True,False,True,abcdefgabcdefgabcdefgabcdefgabcdefgabcdefgabcdefgabcd,0,0,0.979030394402308,0.019400307834741507,0.0015692977629505223
97,5y2h,0.8478260869565217,4,IEKQMDRVVKEMRRQLEMIDKLTTREIEQVELLKRIHDK,DEIEKQMDRVVKEMRRQLEMIDKLTTREIEQVELLKRIHDKLVVQ,True,False,False,gabcdefgabcdefgabcdefgabcdefgabcdefgabc,2,2,0.22336176179794326,0.019217855072765626,0.7574203831292912
98,5y2e,0.8636363636363636,4,EKQMDRVVKEMRRQLEMIDKLTTRGIEQVELLKRIHD,MIEKQMDRVVKEMRRQLEMIDKLTTRGIEQVELLKRIHDKLMIR,True,True,False,abcdefgabcdefgabcdefgabcdefgabcdefgab,2,2,0.05535540009488045,0.028284883756927937,0.9163597161481916
99,6wko,0.5777777777777777,3,IQILKSSINIAIEKLNDRISHDEQAIRDLTLEIENARSEALLGELGIIRALL,NDIQILKSSINIAIEKLNDRISHDEQAIRDLTLEIENARSEALLGELGIIRALLVGNISIGLQESLWELASEITNRAGDLAVEVSPGSWI,False,False,True,abcdefgdefgabcdefgabcdefgabcdefgabcdefgdefgabcdefgab,1,0,0.5239327956347568,0.40191596916384,0.07415123520140302
100,7o39,0.5098039215686274,2,VANFLEQLSTEIERLKEDKKQLEKVI,FTPNEIKNKEFSRVKNGLEPTEVANFLEQLSTEIERLKEDKKQLEKVIEER,False,False,True,defgabcdefgabcdefgabcdefga,0,0,0.885316997553453,0.03153614785892939,0.0831468545876177
101,3u59,0.89,2,IKKKMQMLKLDKENAIDRAEQAEADKKQAEDRCKQLEEEQQGLQKKLKGTEDEVEKYSESVKEAQEKLEQAEKKATDAEAEVASLNRRI,ASMEAIKKKMQMLKLDKENAIDRAEQAEADKKQAEDRCKQLEEEQQGLQKKLKGTEDEVEKYSESVKEAQEKLEQAEKKATDAEAEVASLNRRIQLVEEE,True,False,True,defgabcdefgabcdefgabcdefgabcdefgabcdefgabcdefgabcdefgabcdefgabcdefgabcdefgabcdefgabcdefga,0,0,0.8637775237978248,0.1360915537280563,0.00013092247411888326
102,4u5t,0.7837837837837838,2,LEIRAAFLEKENTALRTEVAELRKEVGRC,DPDLEIRAAFLEKENTALRTEVAELRKEVGRCKNIVS,False,False,True,defgabcdefgabcdefgabcdefgabcd,0,0,0.9614932066503883,0.02668923836619198,0.011817554983419793
103,2xzr,0.9537037037037036,3,IEDKIEEILSKIYHIENEIARIKKLIGAIDGRVTRNTQSIEKNSKAIAANTRTLQQHSARLDSQQRQINENHKEMKQIEDKIEEILSKIYHIENEIARIKKLI,KQIEDKIEEILSKIYHIENEIARIKKLIGAIDGRVTRNTQSIEKNSKAIAANTRTLQQHSARLDSQQRQINENHKEMKQIEDKIEEILSKIYHIENEIARIKKLIKLH,False,False,True,defgabcdefgabcdefgabcdefgabcdefgabcdefgabcdefgabcdefgabcdefgabcdefgabcdefgabcdefgabcdefgabcdefgabcdefga,1,1,0.12997213426027907,0.8690673414810011,0.0009605242587199218
104,3v86,0.925925925925926,3,VYQLKDEVGELKGEVRALKDEVKDL,YVYQLKDEVGELKGEVRALKDEVKDLK,False,False,True,abcdefgabcdefgabcdefgdefg,1,1,1.8210916463583293e-05,0.9869697332209629,0.01301205586257348
105,1d7m,0.9801980198019802,2,MANRLAGLENSLESEKVSREQLIKQKDQLNSLLASLESEGAEREKRLRELEAKLDETLKNLELEKLARMELEARLAKTEKDRAILELKLAEAIDEKSKL,EMANRLAGLENSLESEKVSREQLIKQKDQLNSLLASLESEGAEREKRLRELEAKLDETLKNLELEKLARMELEARLAKTEKDRAILELKLAEAIDEKSKLE,False,False,True,defgabcdefgabcdefgabcdefgabcdefgabcdefgabcdefgabcdefgabcdefgabcdefgabcdefgabcdefgabcdefgabcdefgabcd,0,0,0.8155177110337931,0.18444261112577615,3.967784043062628e-05
106,5ajs,0.7936507936507936,2,LLRKLNEQRDILALMEVKMKEMKGSIRHLRLTEAKLREELREKDRLLAMA,TEEELLRKLNEQRDILALMEVKMKEMKGSIRHLRLTEAKLREELREKDRLLAMAVIRKKH,True,False,True,defgabcdefgabcdefgabcdefgabcdefgabcdefgabcdefgabcd,0,0,0.9344387459998582,0.004458312346043246,0.06110294165409865
107,6v5i,0.7575757575757575,3,VEALEKKVAALELKVQALEKKVEAL,EVEALEKKVAALELKVQALEKKVEALEHGWDGR,False,False,True,abcdefgabcdefgabcdefgabcd,1,1,0.0003874652623665544,0.9988066149079831,0.0008059198296504298
108,6v5g,0.7575757575757575,3,VEALEKKVAALELKVQKLEKKVEAL,EVEALEKKVAALELKVQKLEKKVEALEHGWDGR,False,False,True,abcdefgabcdefgabcdefgabcd,1,1,0.0016650587403556978,0.9952390384656461,0.00309590279399823
109,6v5j,0.7575757575757575,3,VEALEKKVEALELKVQALEKKVEAL,EVEALEKKVEALELKVQALEKKVEALEHGWDGR,False,False,True,abcdefgabcdefgabcdefgabcd,1,1,0.030378114237151345,0.9694986532779009,0.00012323248494783883
110,6v50,0.8064516129032256,3,VEALEAKVEALESKVQKLEKKVEAL,EVEALEAKVEALESKVQKLEKKVEALEHGWD,False,False,True,abcdefgabcdefgabcdefgabcd,1,1,0.00023527141915579168,0.9988907764233954,0.0008739521574488623
111,4bwd,0.819672131147541,2,ELEEKTRLINQVMELQHTLEDLSARVDAVKEENLKLKSENQVLGQYIENL,AENQVELEEKTRLINQVMELQHTLEDLSARVDAVKEENLKLKSENQVLGQYIENLMSAS,True,False,True,defgabcdefgabcdefgabcdefgabcdefgabcdefgabcdefgabcd,0,0,0.7301449505463972,0.2670728972485526,0.0027821522050502936
112,1gk4,0.8607594936708861,2,LKGTNESLERQMREMEENFAVEAANYQDTIGRLQDEIQNMKEEMARHLREYQDLLNVKMALDIEIATY,CEVDALKGTNESLERQMREMEENFAVEAANYQDTIGRLQDEIQNMKEEMARHLREYQDLLNVKMALDIEIATYRKLLEG,False,False,True,defgabcdefgabcdefgdefgabcdefgabcdefgabcdefgabcdefgabcdefgabcdefgabcd,0,0,0.977773857343962,0.012355820414679449,0.009870322241358576
113,1gk6,0.8545454545454545,2,LEDKVEELLSKNYHLENEVARLKKLVGDLLNVKMALDIEIATYRKLL,MKQLEDKVEELLSKNYHLENEVARLKKLVGDLLNVKMALDIEIATYRKLLEG,True,False,True,defgabcdefgabcdefgabcdefgabcdefgabcdefgabcdefga,0,0,0.8637949003473111,0.012809373446641074,0.12339572620604793
114,2x6p,0.8620689655172414,3,WEALEKKLAALESKLQACEKKLEAL,EWEALEKKLAALESKLQACEKKLEALEHG,False,False,True,abcdefgabcdefgabcdefgabcd,1,1,0.06445499195479602,0.9337381063699368,0.0018069016752671704
115,1unu,0.8387096774193549,4,IEDKSEEILSKLYHIENELARIKKLL,MKQIEDKSEEILSKLYHIENELARIKKLLGE,False,False,True,defgabcdefgabcdefgabcdefga,2,2,0.04279694527890006,0.12623767384868362,0.8309653808724164
116,1unw,0.7419354838709677,4,IEDKLEEILSKLYHIENEGARIK,RMKQIEDKLEEILSKLYHIENEGARIKKLLG,False,False,True,defgabcdefgabcdefgabcde,2,2,0.002626962382611546,0.047758581858406625,0.9496144557589817
117,1unz,0.7857142857142857,4,IEDKLEEILSKLYHIENELARS,KQIEDKLEEILSKLYHIENELARSKKLL,False,False,True,defgabcdefgabcdefgabcd,2,2,0.006641804891104268,0.00020231707838309166,0.9931558780305126
118,1unv,0.72,4,TEEILSKLYHIENELARI,KTEEILSKLYHIENELARIKKLL,True,False,True,abcdefgabcdefgabcd,2,2,0.00019235756145039642,0.019312405940933614,0.9804952364976159
119,1unx,0.7096774193548387,4,IEDKLEEILSKLYHIENESARI,RMKQIEDKLEEILSKLYHIENESARIKKLLG,True,False,True,defgabcdefgabcdefgabcd,2,2,0.007560565905482155,0.024710223526004636,0.9677292105685134
120,1unt,0.65625,4,EDKAEEILSKLYHIENELARI,RMKQIEDKAEEILSKLYHIENELARIKKLLGE,True,False,True,efgabcdefgabcdefgabcd,2,2,0.007833349583312717,0.005184657207158879,0.9869819932095284
121,6o2f,0.935483870967742,2,MKQLEDKVEELLSKNYNLENEVARLKKLV,RMKQLEDKVEELLSKNYNLENEVARLKKLVG,False,False,True,abcdefgabcdefgabcdefgabcdefga,0,0,0.5425486658574463,0.28002566770989307,0.17742566643266072
122,2pnv,0.8461538461538461,3,MYDMISDLNERSEDFEKRIVTLETKLETLIGSI,NIMYDMISDLNERSEDFEKRIVTLETKLETLIGSIHALP,False,False,True,defgabcdefgabcdefgabcdefgabcdefga,1,2,0.04019856872999988,0.44334342295060036,0.5164580083193998
123,1rb6,0.78125,3,MKQLEDKVEELLSKAYHLENEVARL,RMKQLEDKVEELLSKAYHLENEVARLKKLVG,True,False,False,abcdefgabcdefgabcdefgabcd,1,1,0.1118152530023064,0.5565171061868972,0.3316676408107963
124,6v4y,0.8333333333333334,3,VEALEAKVEALEYKVQKLEKKVEAL,EVEALEAKVEALEYKVQKLEKKVEALEHGW,False,False,True,abcdefgabcdefgabcdefgabcd,1,1,0.00037731378405385184,0.9858700819129724,0.013752604302973708
125,6d42,0.8461538461538461,4,LYDLQQNLSSSHRALEKQIDTLAGKLDALTELL,ILYDLQQNLSSSHRALEKQIDTLAGKLDALTELLSTAL,False,False,True,defgabcdefgabcdefgabcdefgabcdefga,2,2,0.15284169257170963,0.03163489037207248,0.8155234170562178
126,2z5i,0.8775510204081632,2,LLSKNYHLENEVARLKKLVDDLEDELYAQKLKYKAISEELDHA,GELLSKNYHLENEVARLKKLVDDLEDELYAQKLKYKAISEELDHALNDM,False,False,True,defgabcdefgabcdefgabcdefgabcdefgabcdefgabcd,0,0,0.9156065153809358,0.004702650778447016,0.07969083384061712
127,4dzk,0.8620689655172414,3,IAAIKQEIAANKKEIAAIKWEIAAI,GEIAAIKQEIAANKKEIAAIKWEIAAIKQ,False,False,True,abcdefgabcdefgabcdefgabcd,1,1,1.0589957474512036e-05,0.968890927634224,0.031098482408301563
128,1ic2,0.8860759493670886,2,KKKMQMLKLDKENALDRAEQAEADKKAAEERSKQLEDELVALQKKLKGTEDELDKYSESLKDAQEKLEL,MDAIKKKMQMLKLDKENALDRAEQAEADKKAAEERSKQLEDELVALQKKLKGTEDELDKYSESLKDAQEKLELADKK,True,True,True,efgabcdefgabcdefgabcdefgabcdefgabcdefgabcdefgabcdefgabcdefgabcdefgabc,0,0,0.9948717287046989,0.004425305794105336,0.0007029655011957791
129,3ni0,0.7473684210526316,2,CRNTTHLLQRQLTRTQDSLLQAETQANSCNLTVVTLQESLEKKVSQALEQQARIKELENEVTKLNQELENL,CRDGLRAQAECRNTTHLLQRQLTRTQDSLLQAETQANSCNLTVVTLQESLEKKVSQALEQQARIKELENEVTKLNQELENLRIQKET,True,False,True,defgabcdefgabcdefgabcdefgabcdefgabcdefgabcdefgabcdefgabcdefgabcdefgabcd,0,0,0.9383237631704292,0.05231837645841886,0.00935786037115206
130,3ljm,0.8620689655172414,3,WEALEKKCAALESKLQALEKKLEAL,EWEALEKKCAALESKLQALEKKLEALEHG,False,False,True,abcdefgabcdefgabcdefgabcd,1,1,0.038581200008320826,0.9585123377975652,0.0029064621941139028
131,1nkn,0.918918918918919,2,QLKQMDKMKEDLAKTERIKKELEEQNVTLLEQKNDLFGSMKQLEDKVEELLSKNYHLENEVARLKKLV,MKEQLKQMDKMKEDLAKTERIKKELEEQNVTLLEQKNDLFGSMKQLEDKVEELLSKNYHLENEVARLKKLVGE,True,False,True,defgabcdefgabcdefgabcdefgabcdefgabcdefgabcdefgabcdefgabcdefgabcdefga,0,0,0.8484712796400607,0.15134319943221605,0.000185520927723097
132,6zpm,0.6893203883495146,2,YEKLVKECRRLEEELEQKTHEASDASQRVRQLERETTRLMRRVEQLVSAVEGQKQKLDETEAKHKLELAEI,SSLQRYEKLVKECRRLEEELEQKTHEASDASQRVRQLERETTRLMRRVEQLVSAVEGQKQKLDETEAKHKLELAEIENRHELEIQSKMSSHEEALRRLMD,True,False,True,abcdefgabcdefgabcdefgabcdefgabcdefgabcdefgabcdefgabcdefgabcdefgdefgabcd,0,0,0.888832118343396,0.11066889908187927,0.0004989825747246824
133,3qh9,0.9242424242424242,2,KQRKAEELLQELRHLKIKVEELENERNQYEWKLKATKAEVAQLQEQVALKDAEIERLHSQL,QEEKQRKAEELLQELRHLKIKVEELENERNQYEWKLKATKAEVAQLQEQVALKDAEIERLHSQLSR,False,False,True,defgabcdefgabcdefgabcdefgabcdefgabcdefgabcdefgabcdefgabcdefga,0,0,0.990734798884168,0.003921903601480336,0.005343297514351614
134,6q25,0.7575757575757575,3,VEALEKKVEALELKVQKLEKKVEAL,EVEALEKKVEALELKVQKLEKKVEALEHGWDGR,False,False,True,abcdefgabcdefgabcdefgabcd,1,1,0.007355718910953079,0.9917303150978573,0.0009139659911898513
135,6vzf,0.6976744186046512,2,VDDLLHQLQLLKEENNRKSMQISEMGKKISDLEVEKTAYRETLTNLNQELARLTNEEQSH,NNHQIQELESNVDDLLHQLQLLKEENNRKSMQISEMGKKISDLEVEKTAYRETLTNLNQELARLTNEEQSHRTEIFTLNASFKKQL,False,False,True,abcdefgabcdefgabcdefgabcdefgabcdefgabcdefgabcdefgabcdefgabcd,0,0,0.693613402766188,0.18891102016963823,0.11747557706417369
136,6yf5,0.5617977528089888,2,LQELNDRLAVYIDRVRSLETENAGLRLRITESEEVVDFYFGKLRNIELIC,TRITRLQEKEDLQELNDRLAVYIDRVRSLETENAGLRLRITESEEVVDFYFGKLRNIELICQENEGENDPVLQRIVDILYATD,True,False,True,abcdefgabcdefgabcdefgabcdefgabcdefgabcdefgabcdefga,0,0,0.8939673561937898,0.04880763441229162,0.05722500939391843
137,5i4z,0.527027027027027,2,LKKATAYILSVQAETQKLISEIDLLRKQNEQLKHKLEQL,RRNELKRSFFALRDQIPELENNEKAPKVVILKKATAYILSVQAETQKLISEIDLLRKQNEQLKHKLEQLRNSCA,False,False,True,abcdefgabcdefgabcdefgabcdefgabcdefgabcd,0,0,0.8977866546925177,0.044471197951766274,0.05774214735571599
138,3g1e,0.6756756756756757,2,NDRFANLIDKVRFLEQQNKILLAE,NEKVELQELNDRFANLIDKVRFLEQQNKILLAELEQL,False,True,True,efgabcdefgabcdefgabcdefg,0,0,0.9336518493134756,0.01609613500371675,0.05025201568280755
139,5hhe,0.935483870967742,2,SEQLQMELKELALEEERLIQELEDVEKNRKIVAENLEKVQAEAERLDQEEAQYQREYSEFKRQQLELDDELKSVENQMRYAQTQLDK,DDSEQLQMELKELALEEERLIQELEDVEKNRKIVAENLEKVQAEAERLDQEEAQYQREYSEFKRQQLELDDELKSVENQMRYAQTQLDKLKLE,False,False,False,abcdefgabcdefgabcdefgabcdefgabcdefgabcdefgabcdefgabcdefgabcdefgabcdefgabcdefgabcdefgabc,0,0,0.9941309027589555,0.0006849880903942278,0.005184109150650061
140,6xy0,0.8666666666666667,4,IQQELKAIQQELKAIQWELKAIQQEL,GAIQQELKAIQQELKAIQWELKAIQQELKG,False,False,True,defgabcdefgabcdefgabcdefga,2,2,0.02344781281079527,0.19262710400082722,0.7839250831883775
141,6xy1,0.7333333333333333,4,IQKQLKEIQKQLKEIQWQLKEI,GEIQKQLKEIQKQLKEIQWQLKEIQKQLKG,False,False,True,defgabcdefgabcdefgabcd,2,2,0.006164507661095267,0.0011661557155539578,0.9926693366233508
142,1p9i,0.896551724137931,2,LNALLASLEAENKQLKAKVEELLAKV,QLNALLASLEAENKQLKAKVEELLAKVGE,False,False,True,defgabcdefgabcdefgabcdefga,0,0,0.5831758774766571,0.4145798018758258,0.002244320647517077
143,1t6f,0.8648648648648649,2,LYEALKENEKLHKEIEQKDNEIARLKKENKEL,TLYEALKENEKLHKEIEQKDNEIARLKKENKELAEVA,False,False,True,abcdefgabcdefgabcdefgabcdefgabcd,0,0,0.9888636433674766,0.007804664167042808,0.0033316924654806677
144,3efg,0.8431372549019608,3,LEARLVELETRLSFQEQALTELSEALADARLTGARNAELIRHL,RDQELEARLVELETRLSFQEQALTELSEALADARLTGARNAELIRHLLEDL,False,False,True,defgabcdefgabcdefgabcdefgabcdefgabcdefgabcd,1,1,0.04142145859696987,0.8297112325596642,0.12886730884336609
145,2efr,0.9548387096774194,2,LEDKVEELLSKNYHLENEVARLKKLLERAEERAELSEGKSAELEEELKTVTNNLKSLEAQAEKYSQKEDKYEEEIKVLSDKLKEAETRAEFAERSVTKLEKSIDDLEDELYAQKLKYKAISEEMKQLEDKVEELLSKNYHLENEVARL,MKQLEDKVEELLSKNYHLENEVARLKKLLERAEERAELSEGKSAELEEELKTVTNNLKSLEAQAEKYSQKEDKYEEEIKVLSDKLKEAETRAEFAERSVTKLEKSIDDLEDELYAQKLKYKAISEEMKQLEDKVEELLSKNYHLENEVARLKKL,True,False,True,defgabcdefgabcdefgabcdefgabcdefgabcdefgabcdefgabcdefgabcdefgabcdefgabcdefgabcdefgabcdefgabcdefgabcdefgabcdefgabcdefgabcdefgabcdefgabcdefgabcdefgabcd,0,0,0.9720006829062292,0.027659641057761242,0.00033967603600951033
146,3u91,0.7333333333333333,3,LQLTVWGIKQLQARILAVERYL,QHLLQLTVWGIKQLQARILAVERYLKDQQL,False,False,True,abcdefgabcdefgabcdefga,1,1,0.00474986639593975,0.7679098885434319,0.2273402450606284
147,1u9g,0.6818181818181818,4,ILSKLYHIENELARI,EEILSKLYHIENELARIKKLL,False,False,True,defgabcdefgabcd,2,2,0.008879326906637886,0.0003369794341723727,0.9907836936591897
148,3hfe,0.7037037037037037,3,IGARLNRVEDKVTQLDQRL,NTIGARLNRVEDKVTQLDQRLALITD,True,False,True,defgabcdefgabcdefga,1,1,0.2925204565321988,0.5434008152295655,0.1640787282382357
149,4c1a,0.6944444444444444,2,LELELEEVESQIRALVVRRSRLRER,GPAMEALELELEEVESQIRALVVRRSRLRERLLAV,True,False,False,defgabcdefgabcdefgabcdefg,0,0,0.9076294008568583,0.010365751315852066,0.0820048478272897
150,5aps,0.9047619047619048,3,VEELLSKVYHLENEVARLKKLIENKKADMKQLEDKVEELLSKVYHLENEVARLKKLV,EDKVEELLSKVYHLENEVARLKKLIENKKADMKQLEDKVEELLSKVYHLENEVARLKKLVGER,False,False,True,abcdefgabcdefgabcdefgabcdefgabcdefgabcdefgabcdefgabcdefga,1,1,0.08777118746426897,0.8626746221072317,0.04955419042849927
151,3swy,0.8695652173913043,3,LEEKVEQLGSSLDTLQTRFARLLAEYNATQMKMKQRLSQL,GALEEKVEQLGSSLDTLQTRFARLLAEYNATQMKMKQRLSQLESQV,False,False,True,defgabcdefgabcdefgabcdefgdefgabcdefgabcd,1,1,0.06321320480246798,0.911145688952636,0.025641106244895896
152,1ce0,0.8285714285714286,3,LLQRIKQQEDKLEETLSKIYHLENEIARV,RLLQRIKQQEDKLEETLSKIYHLENEIARVKKLLG,True,False,True,defgabcdefgabcdefgabcdefgabcd,1,1,0.010066418619357437,0.9091053050334608,0.08082827634718175
153,3m48,0.5666666666666667,2,EELLSKNWNLENEVAR,AQLEAKVEELLSKNWNLENEVARLKKLVGE,False,True,True,bcdefgabcdefgabc,0,0,0.9836391949698878,0.004447717556986617,0.011913087473125543
154,3lbw,0.8636363636363636,4,LVVAASIIAILHLILWILD,PLVVAASIIAILHLILWILDRL,False,False,True,cdefgabcabcdefgdefg,2,2,0.0001779136945434684,0.0774306797360981,0.9223914065693585
155,3m9h,0.7441860465116279,4,LEARIDSLAARNSKLMETLKEARQQLLALREE,SARDIHQLEARIDSLAARNSKLMETLKEARQQLLALREEVDRL,False,False,False,defgabcdefgabcdefgabcdefgabcdefg,2,2,0.43703434517192885,0.004395769853742694,0.5585698849743285
156,5m97,0.6,2,QQQITSLETQLYEVNETMFGLERERDFYFNKLREIEIL,QAQQQITSLETQLYEVNETMFGLERERDFYFNKLREIEILVQTHLTTSPMSMENMLERIQAILYS,True,True,True,efgabcdefgabcdefgabcdefgabcdefgabcdefg,0,0,0.7614613255039554,0.23001164123065837,0.008527033265386097
157,1uo5,0.7741935483870968,4,EDKAEEILSKLYHIENELARIKKL,MKQIEDKAEEILSKLYHIENELARIKKLLGE,False,False,True,efgabcdefgabcdefgabcdefg,2,2,0.023968040988510658,0.021406552279310063,0.9546254067321793
158,1uo1,0.8064516129032258,4,IEDKLEEILSKLYHIENELARTKKL,RMKQIEDKLEEILSKLYHIENELARTKKLLG,False,False,True,defgabcdefgabcdefgabcdefg,2,2,0.060368608751674976,0.04795175474667851,0.8916796365016465
160,1uo0,0.7096774193548387,4,IEDKLEEILSKLYHIENELARA,RMKQIEDKLEEILSKLYHIENELARAKKLLG,False,False,True,defgabcdefgabcdefgabcd,2,2,0.006383798851132437,0.0009405723885198721,0.9926756287603477
161,1uo4,0.5806451612903226,4,ILSKLYHIENELARIKKL,MKQIEDKGEEILSKLYHIENELARIKKLLGE,False,False,True,defgabcdefgabcdefg,2,2,0.013843737805992153,0.014477850065891657,0.9716784121281161
162,6egp,0.8888888888888888,3,WEALEKKLAAAESKCQALEKKLQALEKKLEAL,EWEALEKKLAAAESKCQALEKKLQALEKKLEALEHG,False,False,True,abcdefgabcdefgabcdefgabcdefgabcd,1,1,0.007898958484850596,0.9792456594619194,0.012855382053229914
163,2oqq,0.8571428571428571,2,LSELENRVKDLENKNSELEERLSTLQNENQMLRHIL,GSAYLSELENRVKDLENKNSELEERLSTLQNENQMLRHILKN,False,False,True,abcdefgabcdefgabcdefgabcdefgabcdefga,0,0,0.9898196445243471,0.006682456793425828,0.0034978986822270914
164,2cce,0.8333333333333334,4,IEDKLEEILSKLYHISNELARIKKL,MKQIEDKLEEILSKLYHISNELARIKKLLGE,False,False,True,defgabcdefgabcdefgabcdefg,2,2,0.011182291892192681,0.0026666493775563227,0.9861510587302511
165,2ccf,0.7741935483870968,4,IEDKLEEILSKLYHISNELARIKK,RMKQIEDKLEEILSKLYHISNELARIKKLLG,True,False,False,defgabcdefgabcdefgabcdef,2,2,0.015021847691072144,0.0028408111954762775,0.9821373411134516
166,2ccn,0.75,4,IEDKLEEILSKLYHICNELARIKK,MKQIEDKLEEILSKLYHICNELARIKKLLGER,True,False,False,defgabcdefgabcdefgabcdef,2,2,0.044516129965946255,0.0005770627936663747,0.9549068072403873
167,3vyi,0.782608695652174,3,ILRIKQNINQIATKIQHIEFSISEIEQEIERINKLI,SERQILRIKQNINQIATKIQHIEFSISEIEQEIERINKLIKQNGLL,True,False,True,abcdefgabcdefgabcdefgabcdefgabcdefga,1,1,0.09319622568351868,0.8793244464906124,0.02747932782586891
168,6wcu,0.8666666666666667,2,TEKLIRMKDEELRRMQEMLQRMKQQM,ETEKLIRMKDEELRRMQEMLQRMKQQMQDQ,False,False,True,defgabcdefgabcdefgabcdefga,0,0,0.8580574480830405,0.000462198675016657,0.14148035324194277
169,6xxz,0.8666666666666667,4,IKQQLAEIKQQLAEIKWQLAEIKQQL,GEIKQQLAEIKQQLAEIKWQLAEIKQQLAG,False,False,True,defgabcdefgabcdefgabcdefga,2,2,0.0010490410985517682,0.42628728188198456,0.5726636770194636
170,5lhw,0.6666666666666666,2,QDRQLRLLQAQIQRLLEA,GSLTEQDRQLRLLQAQIQRLLEAQSLM,False,False,False,abcdefgabcdefgabcd,0,0,0.8609367092799664,0.008409998295218848,0.13065329242481485
171,1qx8,0.8297872340425532,4,ALNMARFIRSQTLTLLEKLNELADICESLHDHADELYRS,EKTALNMARFIRSQTLTLLEKLNELADICESLHDHADELYRSCLARF,True,False,False,defgabcdefgabcdefgabcdefgabcdefgabcdefg,2,2,0.15686447001269715,0.0012126015587772207,0.8419229284285257
172,2xg7,0.8292682926829268,2,FQDVEAQAATCNHTVMALMASLDAEKAQGQKKVEELEGEITTLNHKLQDASAEVERLRRENQVLSVRI,AQKGFQDVEAQAATCNHTVMALMASLDAEKAQGQKKVEELEGEITTLNHKLQDASAEVERLRRENQVLSVRIADK,True,False,True,abcdefgabcdefgabcdefgabcdefgdefgabcdefgabcdefgabcdefgabcdefgabcdefga,0,0,0.9509100587687417,0.012898242813482303,0.036191698417776134
173,1t3j,0.5967741935483871,2,QKHLEEEIARLSKEIDQLEKMQNNSKLLRNKAVQLES,ATTFARLCQQVDMTQKHLEEEIARLSKEIDQLEKMQNNSKLLRNKAVQLESELENFSKQFLH,False,False,False,abcdefgabcdefgabcdefgabcdefgabcdefgab,0,0,0.8440109132804026,0.0006842537725938721,0.15530483294700367
174,6owd,0.925925925925926,2,IARLQRQIRALQRQNARLQRQIRAL,QIARLQRQIRALQRQNARLQRQIRALQW,False,False,True,abcdefgabcdefgabcdefgabcd,0,0,0.8456381183310604,0.15229579761704876,0.002066084051890666
175,4owi,0.7575757575757576,2,MKQLEDKVGELLFSNYWLELEVARL,GSMRMKQLEDKVGELLFSNYWLELEVARLKKLV,False,False,True,abcdefgabcdefgabcdefgabcd,0,0,0.6579132528249365,0.019092409915195774,0.3229943372598676
176,2b22,0.8620689655172413,4,LEDVVEELLSVNYHLENVVARLKKL,VKQLEDVVEELLSVNYHLENVVARLKKLV,False,False,False,defgabcdefgabcdefgabcdefg,2,2,0.07702264086902345,0.05160644375952431,0.8713709153714522
177,4gdo,0.5952380952380952,2,VEAALEKQRQLAEAHAQAKAQAERE,HMRAEERERLAEVEAALEKQRQLAEAHAQAKAQAEREAKEL,True,False,False,abcdefgabcdefgabcdefgabcd,0,0,0.6138066992305244,0.2610600402195882,0.1251332605498873
178,3i00,0.8947368421052632,2,KDHLIERLYREISGLKAQLENMKTESQRVVLQLKGHVSELEADLAEQQHLRQQAADDCEFLRAELDEL,KDEKDHLIERLYREISGLKAQLENMKTESQRVVLQLKGHVSELEADLAEQQHLRQQAADDCEFLRAELDELRRQRE,True,False,True,defgabcdefgabcdefgabcdefgdefgabcdefgabcdefgabcdefgabcdefgabcdefgabcd,0,0,0.9229335238089476,0.05461167407576967,0.022454802115282658
179,6ign,0.7154471544715447,2,LASTRRDQDNMQAELNRLQAENDASKEEVKEVLQALEELAVNYDQKSQEVEDKTKEYELLSDELNQKSATLASIDAELQKLKEMTNHQ,QLVEKLKTQMLDQEELLASTRRDQDNMQAELNRLQAENDASKEEVKEVLQALEELAVNYDQKSQEVEDKTKEYELLSDELNQKSATLASIDAELQKLKEMTNHQKKRAAEMMASLLKDLAEIG,False,False,False,defgabcdefgabcdefgabcdefgabcdefgabcdefgabcdefgabcdefgabcdefgabcdefgabcdefgabcdefgabcdefg,0,0,0.9840880362427974,0.011166689338568875,0.004745274418633842
180,6igv,0.7796610169491526,2,LASTRRDQDNMQAELNRLQAENDASKEEVKEVLQALEELAVNYDQKSQEVEDKTKEYELLSDELNQKSATLASIDAELQKLKEMTNHQKKRA,VEKLKTQMLDQEELLASTRRDQDNMQAELNRLQAENDASKEEVKEVLQALEELAVNYDQKSQEVEDKTKEYELLSDELNQKSATLASIDAELQKLKEMTNHQKKRAAEMMASLLKDLA,False,False,False,defgabcdefgabcdefgabcdefgabcdefgabcdefgabcdefgabcdefgabcdefgabcdefgabcdefgabcdefgabcdefgabcd,0,0,0.9487780403286447,0.04731729242910821,0.0039046672422470923
181,6yjd,0.6538461538461539,2,LRVNYGSCVSEYNDLTKSLARERDTSRRLLAEKEREMAEMRARMQQQLDEYQELLDIKLALDMEIHAY,MPLKPEEHEDILNKLLDPELAQSERTEALQQLRVNYGSCVSEYNDLTKSLARERDTSRRLLAEKEREMAEMRARMQQQLDEYQELLDIKLALDMEIHAYRKLLE,False,False,True,defgabcdefgabcdefgabcdefgdefgabcdefgabcdefgabcdefgabcdefgabcdefgabcd,0,0,0.9562267989120155,0.041238064758756146,0.002535136329228354
182,2xdj,0.9242424242424242,3,VEDRVTQLERISNAHSQLLTQLQQQLSDNQSDIDSLRGQIQENQYQLNQVVERQKQILLQI,SVEDRVTQLERISNAHSQLLTQLQQQLSDNQSDIDSLRGQIQENQYQLNQVVERQKQILLQIDSLS,True,False,True,defgabcdefgabcdefgabcdefgabcdefgabcdefgabcdefgabcdefgabcdefga,1,1,0.03754854886219482,0.9552513570345843,0.007200094103220869
183,1mof,0.5471698113207547,3,LREVEKSISNLEKSLTSLSEVVLQNRRGL,DLREVEKSISNLEKSLTSLSEVVLQNRRGLDLLFLKEGGLCAALKEECAFYAD,False,False,True,abcdefgabcdefgabcdefgabcdefga,1,1,0.3614344990239341,0.6253034145872974,0.01326208638876838
184,3vn0,0.75,2,ILRLKQINIQLATKIQHLEFSSSEKEQEIERLNKLL,GSERQILRLKQINIQLATKIQHLEFSSSEKEQEIERLNKLLKQNGLLG,True,False,True,abcdefgabcdefgabcdefgabcdefgabcdefga,0,0,0.9161235482796352,0.03313458370927187,0.050741868011092886
185,1uii,0.7704918032786885,2,WKEVAEKRRKALYEALKENEKLHKEIEQKDNEIARLKKENKELAEVA,ENPSSQYWKEVAEKRRKALYEALKENEKLHKEIEQKDNEIARLKKENKELAEVAEHVQYMA,False,False,True,defgabcdefgabcdefgabcdefgabcdefgabcdefgabcdefga,0,0,0.9884240789085197,0.01101412376368013,0.000561797327800077
186,3uia,0.8113207547169812,3,LSGIVQQQNNLLRAIEAQQHLLQLTVWGLKQIQARILAVERYL,QARQLLSGIVQQQNNLLRAIEAQQHLLQLTVWGLKQIQARILAVERYLKDQQ,True,False,True,abcdefgabcdefgabcdefgabcdefgabcdefgabcdefga,1,1,0.01703046008965321,0.7438991842779085,0.23907035563243842
187,5jvm,0.573170731707317,2,KDTLLREFQEEIARLKAQLEKKGMLVEDLEKERDFYFGKLRNIELIC,LSNEDPKDTLLREFQEEIARLKAQLEKKGMLVEDLEKERDFYFGKLRNIELICQENEGENDPVLQRIVDILYATDEGFV,True,False,True,defgabcdefgabcdefgabcdefgabcdefgabcdefgabcdefga,0,0,0.9775958213403918,0.018392808460080772,0.004011370199527417
188,4h7r,0.8064516129032258,4,IKAIAQEIKAIAKEIKAIAWEIKAI,GEIKAIAQEIKAIAKEIKAIAWEIKAIAQGY,False,False,True,defgabcdefgabcdefgabcdefg,2,1,6.7118880542640274e-09,0.5472233504212625,0.45277664286684943
189,6nv1,0.8260869565217391,4,LAVAASIIGILHLILWILD,DPLAVAASIIGILHLILWILDRL,False,False,True,cdefgabcabcdefgdefg,2,2,0.00021091017654487906,0.11455693838936229,0.8852321514340927
190,5d60,0.9272727272727272,4,QIAALSESLQATQQQLQALQQQCYELEKTNRLLVSEVMTLQKMVKAQNQAS,SQQQIAALSESLQATQQQLQALQQQCYELEKTNRLLVSEVMTLQKMVKAQNQASN,True,False,True,gabcdefgabcdefgabcdefgabcdefgabcdefgabcdefgabcdefga,2,2,0.01452185966847353,0.28481027371076806,0.7006678666207584
191,2o1k,0.8372093023255814,4,MDRVVKEMRRQLEMIDKLTTREIEQVELLKRIYDKL,IEKQMDRVVKEMRRQLEMIDKLTTREIEQVELLKRIYDKLTVQ,False,False,True,abcdefgabcdefgabcdefgabcdefgabcdefga,2,2,0.2660250027332657,0.01313770711714154,0.7208372901495927
192,2o1j,0.6590909090909091,4,MRRQLEMIDKLTTREIEQVELLKRIYDKL,IETQMDRVVKEMRRQLEMIDKLTTREIEQVELLKRIYDKLTVR,True,False,True,abcdefgabcdefgabcdefgabcdefga,2,2,0.183256282969761,0.02176837829217323,0.7949753387380658
193,5k7b,0.9310344827586208,2,LRAELRDLELEEARLVQELEDVDRNNARAAADLQAAQAEAAELDQQERQHYRDYSALKRQQLELLDQLGNVENQLQYARVQ,AALRAELRDLELEEARLVQELEDVDRNNARAAADLQAAQAEAAELDQQERQHYRDYSALKRQQLELLDQLGNVENQLQYARVQRDRL,True,False,False,defgabcdefgabcdefgabcdefgabcdefgabcdefgabcdefgabcdefgabcdefgabcdefgabcdefgabcdefg,0,0,0.9895664266916399,0.01020334837132814,0.0002302249370319727
194,3k7z,0.5806451612903226,3,LEDKVEELLSKAYHLENE,KQLEDKVEELLSKAYHLENEVARLKKLVG,True,False,False,defgabcdefgabcdefg,1,2,0.060511740222936025,0.38027428033457794,0.559213979442486
195,1piq,0.8064516129032256,3,MKQIEDKIEEILSKQYHIENEIARI,RMKQIEDKIEEILSKQYHIENEIARIKKLIG,False,False,True,abcdefgabcdefgabcdefgabcd,1,1,0.020466737166819546,0.7053689470093503,0.2741643158238302
196,1eq7,0.8214285714285715,3,IDQLSSDVQTLNAKVDQLSNDVNAMRSDVQAAKDDAARANQRLDNM,SSNAKIDQLSSDVQTLNAKVDQLSNDVNAMRSDVQAAKDDAARANQRLDNMATKYR,False,False,True,abcdefgabcdefgabcdefgabcdefgabcdefgabcdefgabcd,1,1,0.005536564005347469,0.9133770453827795,0.08108639061187303
197,1zvb,0.6470588235294118,3,LSSNFGAISSVLNDILSRLDKV,LNTLVKQLSSNFGAISSVLNDILSRLDKVEAEV,True,False,True,defgabcdefgabcdefgabcd,1,1,0.0012037347579733223,0.6537354801550181,0.34506078508700855
198,2q5u,0.7333333333333333,3,IEDKIEEIESKQKKIENEIARIKKLLQLTVWGI,RMKQIEDKIEEIESKQKKIENEIARIKKLLQLTVWGIKQLQARIL,False,False,True,defgabcdefgabcdefgabcdefgabcdefga,1,1,0.0007649024674160345,0.9756027766906117,0.02363232084197232
199,6q5q,0.71875,4,LEAIAQKLEAIAKKLEAIAWKLE,GKLEAIAQKLEAIAKKLEAIAWKLEAIAQGAG,False,False,False,abcdefgabcdefgabcdefgab,2,1,0.00042680095889304967,0.5941807435236854,0.40539245551742165
200,6q5o,0.8,4,LKALAQELKALAKELKALAWELKA,GELKALAQELKALAKELKALAWELKALAKG,False,False,False,defgabcdefgabcdefgabcdef,2,2,0.013225539745328557,0.27470846596357074,0.7120659942911007
201,6mcd,0.8888888888888888,3,WEALEKKLAACESKAQALEKKLQALEKKLEAL,EWEALEKKLAACESKAQALEKKLQALEKKLEALEHG,False,False,True,abcdefgabcdefgabcdefgabcdefgabcd,1,1,0.015019139338569168,0.9762458884676594,0.008734972193771395
202,3u1c,0.8613861386138614,2,MQMLKLDKENALDRAEQAEADKKAAEERSKQLEDDIVQLEKQLRVTEDSRDQVLEELHKSEDSLLFAEENAAKAESEVASLNRRIQL,AGHMDAIKKKMQMLKLDKENALDRAEQAEADKKAAEERSKQLEDDIVQLEKQLRVTEDSRDQVLEELHKSEDSLLFAEENAAKAESEVASLNRRIQLVEEE,False,False,False,abcdefgabcdefgabcdefgabcdefgabcdefgabcdefgabcdefgabcdefgabcdefgabcdefgabcdefgabcdefgabc,0,0,0.9535336482145043,0.046198727034257606,0.00026762475123813566
203,3u1a,0.8536585365853658,2,KKKMQMLKLDKENALDRAEQAEADKKAAEERSKQLEDDIVQLEKQLRVTEDSRDQVLEELHKSEDSLLF,HMDAIKKKMQMLKLDKENALDRAEQAEADKKAAEERSKQLEDDIVQLEKQLRVTEDSRDQVLEELHKSEDSLLFAEENAAKA,True,True,True,efgabcdefgabcdefgabcdefgabcdefgabcdefgabcdefgabcdefgabcdefgabcdefgabc,0,0,0.8094468304157347,0.19002055996977316,0.0005326096144922288
204,5fcn,0.7222222222222222,2,REHSDQHVKELKTSLKKCARETADLKFLNNQYAHKLKLL,GSNNELYLELMKLREHSDQHVKELKTSLKKCARETADLKFLNNQYAHKLKLLE,True,False,True,abcdefgabcdefgabcdefgabcdefgabcdefgabcd,0,0,0.902750231045515,0.02286752055852856,0.07438224839595654
205,3twe,0.6538461538461539,4,YKELEDLQERLRKLRK,NADELYKELEDLQERLRKLRKKLRS,True,True,False,efgabcdefgabcdef,2,2,0.2280563679225091,8.557416171509713e-05,0.7718580579157759
206,5d5y,0.84,4,AALSESLQATQQQLQALQQQCYELEKTNRLLVSEVMTLQKM,SQQQIAALSESLQATQQQLQALQQQCYELEKTNRLLVSEVMTLQKMVKAQ,False,True,True,bcdefgabcdefgabcdefgabcdefgabcdefgabcdefg,2,2,0.016379317620818935,0.16832127267181649,0.8152994097073647
208,3m06,0.5806451612903226,3,LLQRCESLEKKTATFENIVCVLNREVERVAMTAEAC,ELLQRCESLEKKTATFENIVCVLNREVERVAMTAEACSRQHRLDQDKIEALSSKVQQLERSI,False,False,True,defgabcdefgabcdefgabcdefgabcdefgabcd,1,1,0.29949777861529736,0.6063954541861009,0.09410676719860173
209,4nj0,0.8620689655172413,2,MKQLEDKIEELLSKNYHLENEVARL,RMKQLEDKIEELLSKNYHLENEVARLKKLV,True,False,True,abcdefgabcdefgabcdefgabcd,0,0,0.8656621469899328,0.07878270860151308,0.055555144408553955
210,4nj2,0.8787878787878788,2,MKQLEDKIEELLSKNYHLENEIARLKKLI,RMKQLEDKIEELLSKNYHLENEIARLKKLIGER,False,False,True,abcdefgabcdefgabcdefgabcdefga,0,0,0.7323347640361186,0.03094522966782739,0.236720006296054
211,4nj1,0.8064516129032258,2,MKQLEDKIEELLSKNYHLENEIARL,RMKQLEDKIEELLSKNYHLENEIARLKKLVG,True,False,True,abcdefgabcdefgabcdefgabcd,0,0,0.8421122732449057,0.08211089967062721,0.07577682708446701
212,5kb1,0.8888888888888888,3,WEALEKKLAALESKCQALEKKLQALEKKHEAL,EWEALEKKLAALESKCQALEKKLQALEKKHEALEHG,False,False,True,abcdefgabcdefgabcdefgabcdefgabcd,1,1,0.02147008707548386,0.8966809545298512,0.08184895839466486
213,4h22,0.8765432098765432,2,YKKAMVSNAQLDNEKTNFMYQVDTLKDMLLELEEQLAESRRQYEEKNKEFEREKHAHSILQFQFAEVKEAL,EEKYKKAMVSNAQLDNEKTNFMYQVDTLKDMLLELEEQLAESRRQYEEKNKEFEREKHAHSILQFQFAEVKEALKQREEML,True,False,True,abcdefgabcdefgabcdefgabcdefgabcdefgabcdefgabcdefgabcdefgabcdefgabcdefga,0,0,0.9913162203066299,0.0006508291623353958,0.008032950531034663
214,1kyc,0.8000000000000002,3,LRRRIEELERRI,EELRRRIEELERRIR,False,False,True,defgabcdefga,1,1,0.007253852467573584,0.9920553154082755,0.0006908321241508616
215,2zfc,0.9090909090909092,3,LVQQQNNILRALEATQHAVQALVWGVKQLQARVLALERYI,VSGLVQQQNNILRALEATQHAVQALVWGVKQLQARVLALERYIK,False,False,True,defgabcdefgabcdefgabcdefgabcdefgabcdefga,1,1,0.16615149206596866,0.8207685679699811,0.013079939964050352
